Workbook

Sheet Paste here
A1: Sl. No. | B1: Timestamp | C1: Email Address | D1: Date of Exam | E1: No. of sessions | F1: Degree | G1: Subject Type | H1: Subject Code | I1: Subject Name | J1: Department of Candidate | K1: Semester | L1: Ext. Examiner type | M1: No. of Cands. Regd. | N1: No. of Cands. Examined | O1: Title of External Examiner | P1: Name of External Examiner | Q1: Phone No. of External Examiner | R1: Department of External Examiner | S1: Designation of External Examiner | T1: College of External Examiner | U1: Bank Account No. (External Examiner) | V1: Bank Name (External Examiner) | W1: IFSC Code (External Examiner) | X1: Bank Branch (External Examiner) | Y1: Title of Internal Examiner | Z1: Name of Internal Examiner | AA1: Phone No. of Internal Examiner | AB1: Department of Internal Examiner | AC1: Designation of Internal Examiner | AD1: Bank Account No. (Internal Examiner) | AE1: Bank Name (Internal Examiner) | AF1: IFSC Code (Internal Examiner) | AG1: Bank Branch (Internal Examiner) | AH1: Title of Skilled Asst. | AI1: Name of Skilled Asst.(Initial at End) | AJ1: Phone No. of Skilled Asst. | AK1: Department of Skilled Asst. | AL1: Designation of Skilled Asst. | AM1: Bank Account No. (Skilled Asst.) | AN1: Bank Name (Skilled Asst.) | AO1: IFSC Code (Skilled Asst.) | AP1: Bank Branch (Skilled Asst.) | AQ1: Title of Lab Technician | AR1: Name of Lab Technician (Initial at End) | AS1: Phone No. of Lab Technician | AT1: Department of Lab Technician | AU1: Bank Account No. (Lab Technician) | AV1: Bank Name (Lab Technician) | AW1: IFSC Code of (Lab Technician) | AX1: Bank Branch (Lab Technician)
B2: 46179.541 | C2: kasthurirenganp.cse@krce.ac.in | D2: 06.06.2026 | E2: Only FN | F2: UG | G2: TCPL | H2: GEA1107 | I2: C PROGRAMMING | J2: ECE | K2: I | L2: Regular Lab | M2: 23 | N2: 22 | O2: Mrs. | P2: Ranjani U | Q2: 8270981412 | R2: AIDS | S2: Assistant Professor | T2: MAM SCHOOL OF ENGINEERING (8121) | U2: 6658000400036837 | V2: Punjab National Bank | W2: PUNB0665800 | X2: SIRUGANUR | Y2: Mr. | Z2: KASTHURI RENGAN P | AA2: 9842612131 | AB2: CSE | AC2: Assistant Professor | AD2: 913010015846824 | AE2: Axis Bank | AF2: UTIB0001746 | AG2: KOTTUR | AH2: Mrs. | AI2: Surya G | AJ2: 8220915957 | AK2: CSE | AL2: Assistant Professor | AM2: 609301501667 | AN2: ICICI Bank | AO2: ICIC0006093 | AP2: JAWAHAR STREET NACHANDUPATTI | AQ2: N/A | AR2: NA | AS2: 0 | AT2: N/A | AU2: NA
A35: L40
A36: L41
A37: L42
A38: L43
A39: L44
A40: L45
A41: L46
A42: L47
A43: L48
A44: L49
A45: L50
A46: L51
... A54: L59

Sheet Mail merge
A1: Sl. No. | B1: Degree | C1: Department of Candidate | D1: Semester | E1: Subject Code | F1: Subject Name | G1: Subject Type | H1: Date of Exam | I1: Session | K1: Title of External Examiner | L1: Name of External Examiner | M1: Designation of External Examiner | N1: Department of External Examiner | O1: College of External Examiner | P1: Distance (Km) | Q1: Phone No. of External Examiner | R1: No. of Cands. Regd. | S1: No. of Cands. Examined | T1: Claim Amount | U1: TA | V1: DA | W1: TOTAL | X1: Account No. of External Examiner | Y1: Bank Name of External Examiner | Z1: IFSC Code of External Examiner | AA1: Branch of External Examiner | AB1: Amount in words Ext. Examiner | AD1: Title of Internal Examiner | AE1: Name of Internal Examiner | AF1: Designation of Internal Examiner | AG1: Department of Internal Examiner | AH1: College of Internal Examiner | AI1: Phone No. of Internal Examiner | AJ1: No. of Cands. Regd. | AK1: No. of Cands. Examined | AL1: TOTAL | AM1: Account No. of Internal Examiner | AN1: Bank Name of Internal Examiner | AO1: IFSC Code of Internal Examiner | AP1: Branch of Internal Examiner | AQ1: Amount in words Int. Examiner | AS1: Title of Skilled Asst. | AT1: Name of Skilled Asst. | AU1: Designation of Skilled Asst. | AV1: Department of Skilled Asst. | AW1: College of Skilled Asst. | AX1: Phone No. of Skilled Asst. | AY1: No. of Cands. Regd. | AZ1: No. of Cands. Examined | BA1: Total amount | BB1: Account No. of Skilled Asst. | BC1: Bank Name of Skilled Asst. | BD1: IFSC Code of Skilled Asst. | BE1: Branch of Skilled Asst. | BF1: Amount in words Skil. Assist | BH1: Title of Lab Technician | BI1: Name of Lab Technician | BJ1: Department of Lab Technician | BK1: College of Lab Technician | BL1: Phone No. of Lab Technician | BM1: No. of Cands. Regd. | BN1: No. of Cands. Examined | BO1: TOTAL | BP1: Account No. of Lab Technician | BQ1: Bank Name of Lab Technician | BR1: IFSC Code of Lab Technician | BS1: Bank Branch of Lab Technician | BT1: Amount in words Lab Tech.
A2: ='Paste here'!A2 -> 0 | B2: ='Paste here'!F2 -> UG | C2: ='Paste here'!J2 -> ECE | D2: ='Paste here'!K2 -> I | E2: =UPPER('Paste here'!H2) -> GEA1107 | F2: ='Paste here'!I2 -> C PROGRAMMING | G2: ='Paste here'!G2 -> TCPL | H2: ='Paste here'!D2 -> 06.06.2026 | I2: ='Paste here'!E2 -> Only FN | K2: ='Paste here'!O2 -> Mrs. | L2: =UPPER('Paste here'!P2) -> RANJANI U | M2: ='Paste here'!S2 -> Assistant Professor | N2: ='Paste here'!R2 -> AIDS | O2: ='Paste here'!T2 -> MAM SCHOOL OF ENGINEERING (8121) | P2: =IF(VLOOKUP(O2,'Distance matrix'!B$2:C$238,2,FALSE)<36,"<35",VLOOKUP(O2,'Distance matrix'!B$2:C$238,2,FALSE)) -> <35 | Q2: ='Paste here'!Q2 -> 8270981412 | R2: ='Paste here'!M2 -> 23 | S2: ='Paste here'!N2 -> 22 | T2: =External!K2 -> 440 | U2: =External!M2 -> 150 | V2: =External!L2 -> 250 | W2: =External!N2 -> 840 | X2: ='Paste here'!U2 -> 6658000400036837 | Y2: =UPPER('Paste here'!V2) -> PUNJAB NATIONAL BANK | Z2: =UPPER('Paste here'!W2) -> PUNB0665800 | AA2: =UPPER('Paste here'!X2) -> SIRUGANUR | AB2: =External!O2 -> Rupees Eight Hundred Fourty Only | AD2: ='Paste here'!Y2 -> Mr. | AE2: =UPPER('Paste here'!Z2) -> KASTHURI RENGAN P | AF2: ='Paste here'!AC2 -> Assistant Professor | AG2: ='Paste here'!AB2 -> CSE | AH2: KRCE | AI2: ='Paste here'!AA2 -> 9842612131 | AJ2: ='Paste here'!M2 -> 23 | AK2: ='Paste here'!N2 -> 22 | AL2: =Internal!L2 -> 440 | AM2: ='Paste here'!AD2 -> 913010015846824 | AN2: =UPPER('Paste here'!AE2) -> AXIS BANK | AO2: =UPPER('Paste here'!AF2) -> UTIB0001746 | AP2: =UPPER('Paste here'!AG2) -> KOTTUR | AQ2: =Internal!M2 -> Rupees Four Hundred Fourty Only | AS2: =IF(OR(G2="TCPL",G2="PRACTICAL - UG",G2="PRACTICAL - PG"),'Paste here'!AH2,"") -> Mrs. | AT2: =UPPER(IF(OR(G2="TCPL",G2="PRACTICAL - UG",G2="PRACTICAL - PG"),'Paste here'!AI2," -NA- ")) -> SURYA G | AU2: =IF(OR(G2="TCPL",G2="PRACTICAL - UG",G2="PRACTICAL - PG"),'Paste here'!AL2," -NA- ") -> Assistant Professor | AV2: =IF(OR(G2="TCPL",G2="PRACTICAL - UG",G2="PRACTICAL - PG"),'Paste here'!AK2," -NA- ") -> CSE | AW2: =IF(OR(G2="TCPL",G2="PRACTICAL - UG",G2="PRACTICAL - PG"),"KRCE"," -NA- ") -> KRCE | AX2: =IF(OR(G2="TCPL",G2="PRACTICAL - UG",G2="PRACTICAL - PG"),'Paste here'!AJ2," -NA- ") -> 8220915957 | AY2: =IF(OR(G2="TCPL",G2="PRACTICAL - UG",G2="PRACTICAL - PG"),'Paste here'!M2," -NA- ") -> 23 | AZ2: =IF(OR(G2="TCPL",G2="PRACTICAL - UG",G2="PRACTICAL - PG"),'Paste here'!N2," -NA- ") -> 22 | BA2: =IF(OR(G2="TCPL",G2="PRACTICAL - UG",G2="PRACTICAL - PG"),Skilled!K2," -NA- ") -> 230 | BB2: =IF(OR(G2="TCPL",G2="PRACTICAL - UG",G2="PRACTICAL - PG"),'Paste here'!AM2," -NA- ") -> 609301501667 | BC2: =UPPER(IF(OR(G2="TCPL",G2="PRACTICAL - UG",G2="PRACTICAL - PG"),'Paste here'!AN2," -NA- ")) -> ICICI BANK | BD2: =UPPER(IF(OR(G2="TCPL",G2="PRACTICAL - UG",G2="PRACTICAL - PG"),'Paste here'!AO2," -NA- ")) -> ICIC0006093 | BE2: =UPPER(IF(OR(G2="TCPL",G2="PRACTICAL - UG",G2="PRACTICAL - PG"),'Paste here'!AP2," -NA- ")) -> JAWAHAR STREET NACHANDUPATTI | BF2: =IF(OR(G2="TCPL",G2="PRACTICAL - UG",G2="PRACTICAL - PG"),Skilled!L2,"") -> Rupees Two Hundred Thirty Only | BH2: =IF(OR(AG2="ENGLISH",AG2="MBA"),"",IF(OR(G2="PRACTICAL - UG",G2="PRACTICAL - PG"),'Paste here'!AQ2,"")) | BI2: =UPPER(IF(OR(G2="PRACTICAL - UG",G2="PRACTICAL - PG"),'Paste here'!AR2," -NA- ")) -> -NA- | BJ2: =IF(OR(G2="PRACTICAL - UG",G2="PRACTICAL - PG"),'Paste here'!AT2," -NA- ") -> -NA- | BK2: =IF(OR(AG2="ENGLISH",AG2="MBA"),"-NA-",IF(OR(G2="PRACTICAL - UG",G2="PRACTICAL - PG"),"KRCE"," -NA- ")) -> -NA- | BL2: =IF(OR(G2="PRACTICAL - UG",G2="PRACTICAL - PG"),'Paste here'!AS2," -NA- ") -> -NA- | BM2: =IF(OR(G2="PRACTICAL - UG",G2="PRACTICAL - PG"),'Paste here'!M2," -NA- ") -> -NA- | BN2: =IF(OR(G2="PRACTICAL - UG",G2="PRACTICAL - PG"),'Paste here'!N2," -NA- ") -> -NA- | BO2: =IF(OR(AG2="ENGLISH",AG2="MBA"),"",IF(OR(G2="PRACTICAL - UG",G2="PRACTICAL - PG"),Technician!J2," -NA- ")) -> -NA- | BP2: =IF(OR(G2="PRACTICAL - UG",G2="PRACTICAL - PG"),'Paste here'!AU2," -NA- ") -> -NA- | BQ2: =UPPER(IF(OR(,G2="PRACTICAL - UG",G2="PRACTICAL - PG"),'Paste here'!AV2," -NA- ")) -> -NA- | BR2: =UPPER(IF(OR(G2="PRACTICAL - UG",G2="PRACTICAL - PG"),'Paste here'!AW2," -NA- ")) -> -NA- | BS2: =UPPER(IF(OR(G2="PRACTICAL - UG",G2="PRACTICAL - PG"),'Paste here'!AX2," -NA- ")) -> -NA- | BT2: =IF(OR(AG2="ENGLISH",AG2="MBA"),"",IF(OR(G2="PRACTICAL - UG",G2="PRACTICAL - PG"),Technician!L2,""))
A3: ='Paste here'!A3 -> 0 | B3: ='Paste here'!F3 -> 0 | C3: ='Paste here'!J3 -> 0 | D3: ='Paste here'!K3 -> 0 | E3: =UPPER('Paste here'!H3) | F3: ='Paste here'!I3 -> 0 | G3: ='Paste here'!G3 -> 0 | H3: ='Paste here'!D3 -> 0 | I3: ='Paste here'!E3 -> 0 | K3: ='Paste here'!O3 -> 0 | L3: =UPPER('Paste here'!P3) | M3: ='Paste here'!S3 -> 0 | N3: ='Paste here'!R3 -> 0 | O3: ='Paste here'!T3 -> 0 | P3: =IF(VLOOKUP(O3,'Distance matrix'!B$2:C$238,2,FALSE)<36,"<35",VLOOKUP(O3,'Distance matrix'!B$2:C$238,2,FALSE)) -> #N/A | Q3: ='Paste here'!Q3 -> 0 | R3: ='Paste here'!M3 -> 0 | S3: ='Paste here'!N3 -> 0 | T3: =External!K3 -> #N/A | U3: =External!M3 -> 0 | V3: =External!L3 -> 0 | W3: =External!N3 -> #N/A | X3: ='Paste here'!U3 -> 0 | Y3: =UPPER('Paste here'!V3) | Z3: =UPPER('Paste here'!W3) | AA3: =UPPER('Paste here'!X3) | AB3: =External!O3 -> #VALUE! | AD3: ='Paste here'!Y3 -> 0 | AE3: =UPPER('Paste here'!Z3) | AF3: ='Paste here'!AC3 -> 0 | AG3: ='Paste here'!AB3 -> 0 | AH3: KRCE | AI3: ='Paste here'!AA3 -> 0 | AJ3: ='Paste here'!M3 -> 0 | AK3: ='Paste here'!N3 -> 0 | AL3: =Internal!L3 -> #N/A | AM3: ='Paste here'!AD3 -> 0 | AN3: =UPPER('Paste here'!AE3) | AO3: =UPPER('Paste here'!AF3) | AP3: =UPPER('Paste here'!AG3) | AQ3: =Internal!M3 -> #VALUE! | AS3: =IF(OR(G3="TCPL",G3="PRACTICAL - UG",G3="PRACTICAL - PG"),'Paste here'!AH3,"") | AT3: =UPPER(IF(OR(G3="TCPL",G3="PRACTICAL - UG",G3="PRACTICAL - PG"),'Paste here'!AI3," -NA- ")) -> -NA- | AU3: =IF(OR(G3="TCPL",G3="PRACTICAL - UG",G3="PRACTICAL - PG"),'Paste here'!AL3," -NA- ") -> -NA- | AV3: =IF(OR(G3="TCPL",G3="PRACTICAL - UG",G3="PRACTICAL - PG"),'Paste here'!AK3," -NA- ") -> -NA- | AW3: =IF(OR(G3="TCPL",G3="PRACTICAL - UG",G3="PRACTICAL - PG"),"KRCE"," -NA- ") -> -NA- | AX3: =IF(OR(G3="TCPL",G3="PRACTICAL - UG",G3="PRACTICAL - PG"),'Paste here'!AJ3," -NA- ") -> -NA- | AY3: =IF(OR(G3="TCPL",G3="PRACTICAL - UG",G3="PRACTICAL - PG"),'Paste here'!M3," -NA- ") -> -NA- | AZ3: =IF(OR(G3="TCPL",G3="PRACTICAL - UG",G3="PRACTICAL - PG"),'Paste here'!N3," -NA- ") -> -NA- | BA3: =IF(OR(G3="TCPL",G3="PRACTICAL - UG",G3="PRACTICAL - PG"),Skilled!K3," -NA- ") -> -NA- | BB3: =IF(OR(G3="TCPL",G3="PRACTICAL - UG",G3="PRACTICAL - PG"),'Paste here'!AM3," -NA- ") -> -NA- | BC3: =UPPER(IF(OR(G3="TCPL",G3="PRACTICAL - UG",G3="PRACTICAL - PG"),'Paste here'!AN3," -NA- ")) -> -NA- | BD3: =UPPER(IF(OR(G3="TCPL",G3="PRACTICAL - UG",G3="PRACTICAL - PG"),'Paste here'!AO3," -NA- ")) -> -NA- | BE3: =UPPER(IF(OR(G3="TCPL",G3="PRACTICAL - UG",G3="PRACTICAL - PG"),'Paste here'!AP3," -NA- ")) -> -NA- | BF3: =IF(OR(G3="TCPL",G3="PRACTICAL - UG",G3="PRACTICAL - PG"),Skilled!L3,"") | BH3: =IF(OR(AG3="ENGLISH",AG3="MBA"),"",IF(OR(G3="PRACTICAL - UG",G3="PRACTICAL - PG"),'Paste here'!AQ3,"")) | BI3: =UPPER(IF(OR(G3="PRACTICAL - UG",G3="PRACTICAL - PG"),'Paste here'!AR3," -NA- ")) -> -NA- | BJ3: =IF(OR(G3="PRACTICAL - UG",G3="PRACTICAL - PG"),'Paste here'!AT3," -NA- ") -> -NA- | BK3: =IF(OR(AG3="ENGLISH",AG3="MBA"),"-NA-",IF(OR(G3="PRACTICAL - UG",G3="PRACTICAL - PG"),"KRCE"," -NA- ")) -> -NA- | BL3: =IF(OR(G3="PRACTICAL - UG",G3="PRACTICAL - PG"),'Paste here'!AS3," -NA- ") -> -NA- | BM3: =IF(OR(G3="PRACTICAL - UG",G3="PRACTICAL - PG"),'Paste here'!M3," -NA- ") -> -NA- | BN3: =IF(OR(G3="PRACTICAL - UG",G3="PRACTICAL - PG"),'Paste here'!N3," -NA- ") -> -NA- | BO3: =IF(OR(AG3="ENGLISH",AG3="MBA"),"",IF(OR(G3="PRACTICAL - UG",G3="PRACTICAL - PG"),Technician!J3," -NA- ")) -> -NA- | BP3: =IF(OR(G3="PRACTICAL - UG",G3="PRACTICAL - PG"),'Paste here'!AU3," -NA- ") -> -NA- | BQ3: =UPPER(IF(OR(,G3="PRACTICAL - UG",G3="PRACTICAL - PG"),'Paste here'!AV3," -NA- ")) -> -NA- | BR3: =UPPER(IF(OR(G3="PRACTICAL - UG",G3="PRACTICAL - PG"),'Paste here'!AW3," -NA- ")) -> -NA- | BS3: =UPPER(IF(OR(G3="PRACTICAL - UG",G3="PRACTICAL - PG"),'Paste here'!AX3," -NA- ")) -> -NA- | BT3: =IF(OR(AG3="ENGLISH",AG3="MBA"),"",IF(OR(G3="PRACTICAL - UG",G3="PRACTICAL - PG"),Technician!L3,""))
A4: ='Paste here'!A4 -> 0 | B4: ='Paste here'!F4 -> 0 | C4: ='Paste here'!J4 -> 0 | D4: ='Paste here'!K4 -> 0 | E4: =UPPER('Paste here'!H4) | F4: ='Paste here'!I4 -> 0 | G4: ='Paste here'!G4 -> 0 | H4: ='Paste here'!D4 -> 0 | I4: ='Paste here'!E4 -> 0 | K4: ='Paste here'!O4 -> 0 | L4: =UPPER('Paste here'!P4) | M4: ='Paste here'!S4 -> 0 | N4: ='Paste here'!R4 -> 0 | O4: ='Paste here'!T4 -> 0 | P4: =IF(VLOOKUP(O4,'Distance matrix'!B$2:C$238,2,FALSE)<36,"<35",VLOOKUP(O4,'Distance matrix'!B$2:C$238,2,FALSE)) -> #N/A | Q4: ='Paste here'!Q4 -> 0 | R4: ='Paste here'!M4 -> 0 | S4: ='Paste here'!N4 -> 0 | T4: =External!K4 -> #N/A | U4: =External!M4 -> 0 | V4: =External!L4 -> 0 | W4: =External!N4 -> #N/A | X4: ='Paste here'!U4 -> 0 | Y4: =UPPER('Paste here'!V4) | Z4: =UPPER('Paste here'!W4) | AA4: =UPPER('Paste here'!X4) | AB4: =External!O4 -> #VALUE! | AD4: ='Paste here'!Y4 -> 0 | AE4: =UPPER('Paste here'!Z4) | AF4: ='Paste here'!AC4 -> 0 | AG4: ='Paste here'!AB4 -> 0 | AH4: KRCE | AI4: ='Paste here'!AA4 -> 0 | AJ4: ='Paste here'!M4 -> 0 | AK4: ='Paste here'!N4 -> 0 | AL4: =Internal!L4 -> #N/A | AM4: ='Paste here'!AD4 -> 0 | AN4: =UPPER('Paste here'!AE4) | AO4: =UPPER('Paste here'!AF4) | AP4: =UPPER('Paste here'!AG4) | AQ4: =Internal!M4 -> #VALUE! | AS4: =IF(OR(G4="TCPL",G4="PRACTICAL - UG",G4="PRACTICAL - PG"),'Paste here'!AH4,"") | AT4: =UPPER(IF(OR(G4="TCPL",G4="PRACTICAL - UG",G4="PRACTICAL - PG"),'Paste here'!AI4," -NA- ")) -> -NA- | AU4: =IF(OR(G4="TCPL",G4="PRACTICAL - UG",G4="PRACTICAL - PG"),'Paste here'!AL4," -NA- ") -> -NA- | AV4: =IF(OR(G4="TCPL",G4="PRACTICAL - UG",G4="PRACTICAL - PG"),'Paste here'!AK4," -NA- ") -> -NA- | AW4: =IF(OR(G4="TCPL",G4="PRACTICAL - UG",G4="PRACTICAL - PG"),"KRCE"," -NA- ") -> -NA- | AX4: =IF(OR(G4="TCPL",G4="PRACTICAL - UG",G4="PRACTICAL - PG"),'Paste here'!AJ4," -NA- ") -> -NA- | AY4: =IF(OR(G4="TCPL",G4="PRACTICAL - UG",G4="PRACTICAL - PG"),'Paste here'!M4," -NA- ") -> -NA- | AZ4: =IF(OR(G4="TCPL",G4="PRACTICAL - UG",G4="PRACTICAL - PG"),'Paste here'!N4," -NA- ") -> -NA- | BA4: =IF(OR(G4="TCPL",G4="PRACTICAL - UG",G4="PRACTICAL - PG"),Skilled!K4," -NA- ") -> -NA- | BB4: =IF(OR(G4="TCPL",G4="PRACTICAL - UG",G4="PRACTICAL - PG"),'Paste here'!AM4," -NA- ") -> -NA- | BC4: =UPPER(IF(OR(G4="TCPL",G4="PRACTICAL - UG",G4="PRACTICAL - PG"),'Paste here'!AN4," -NA- ")) -> -NA- | BD4: =UPPER(IF(OR(G4="TCPL",G4="PRACTICAL - UG",G4="PRACTICAL - PG"),'Paste here'!AO4," -NA- ")) -> -NA- | BE4: =UPPER(IF(OR(G4="TCPL",G4="PRACTICAL - UG",G4="PRACTICAL - PG"),'Paste here'!AP4," -NA- ")) -> -NA- | BF4: =IF(OR(G4="TCPL",G4="PRACTICAL - UG",G4="PRACTICAL - PG"),Skilled!L4,"") | BH4: =IF(OR(AG4="ENGLISH",AG4="MBA"),"",IF(OR(G4="PRACTICAL - UG",G4="PRACTICAL - PG"),'Paste here'!AQ4,"")) | BI4: =UPPER(IF(OR(G4="PRACTICAL - UG",G4="PRACTICAL - PG"),'Paste here'!AR4," -NA- ")) -> -NA- | BJ4: =IF(OR(G4="PRACTICAL - UG",G4="PRACTICAL - PG"),'Paste here'!AT4," -NA- ") -> -NA- | BK4: =IF(OR(AG4="ENGLISH",AG4="MBA"),"-NA-",IF(OR(G4="PRACTICAL - UG",G4="PRACTICAL - PG"),"KRCE"," -NA- ")) -> -NA- | BL4: =IF(OR(G4="PRACTICAL - UG",G4="PRACTICAL - PG"),'Paste here'!AS4," -NA- ") -> -NA- | BM4: =IF(OR(G4="PRACTICAL - UG",G4="PRACTICAL - PG"),'Paste here'!M4," -NA- ") -> -NA- | BN4: =IF(OR(G4="PRACTICAL - UG",G4="PRACTICAL - PG"),'Paste here'!N4," -NA- ") -> -NA- | BO4: =IF(OR(AG4="ENGLISH",AG4="MBA"),"",IF(OR(G4="PRACTICAL - UG",G4="PRACTICAL - PG"),Technician!J4," -NA- ")) -> -NA- | BP4: =IF(OR(G4="PRACTICAL - UG",G4="PRACTICAL - PG"),'Paste here'!AU4," -NA- ") -> -NA- | BQ4: =UPPER(IF(OR(,G4="PRACTICAL - UG",G4="PRACTICAL - PG"),'Paste here'!AV4," -NA- ")) -> -NA- | BR4: =UPPER(IF(OR(G4="PRACTICAL - UG",G4="PRACTICAL - PG"),'Paste here'!AW4," -NA- ")) -> -NA- | BS4: =UPPER(IF(OR(G4="PRACTICAL - UG",G4="PRACTICAL - PG"),'Paste here'!AX4," -NA- ")) -> -NA- | BT4: =IF(OR(AG4="ENGLISH",AG4="MBA"),"",IF(OR(G4="PRACTICAL - UG",G4="PRACTICAL - PG"),Technician!L4,""))
A5: ='Paste here'!A5 -> 0 | B5: ='Paste here'!F5 -> 0 | C5: ='Paste here'!J5 -> 0 | D5: ='Paste here'!K5 -> 0 | E5: =UPPER('Paste here'!H5) | F5: ='Paste here'!I5 -> 0 | G5: ='Paste here'!G5 -> 0 | H5: ='Paste here'!D5 -> 0 | I5: ='Paste here'!E5 -> 0 | K5: ='Paste here'!O5 -> 0 | L5: =UPPER('Paste here'!P5) | M5: ='Paste here'!S5 -> 0 | N5: ='Paste here'!R5 -> 0 | O5: ='Paste here'!T5 -> 0 | P5: =IF(VLOOKUP(O5,'Distance matrix'!B$2:C$238,2,FALSE)<36,"<35",VLOOKUP(O5,'Distance matrix'!B$2:C$238,2,FALSE)) -> #N/A | Q5: ='Paste here'!Q5 -> 0 | R5: ='Paste here'!M5 -> 0 | S5: ='Paste here'!N5 -> 0 | T5: =External!K5 -> #N/A | U5: =External!M5 -> 0 | V5: =External!L5 -> 0 | W5: =External!N5 -> #N/A | X5: ='Paste here'!U5 -> 0 | Y5: =UPPER('Paste here'!V5) | Z5: =UPPER('Paste here'!W5) | AA5: =UPPER('Paste here'!X5) | AB5: =External!O5 -> #VALUE! | AD5: ='Paste here'!Y5 -> 0 | AE5: =UPPER('Paste here'!Z5) | AF5: ='Paste here'!AC5 -> 0 | AG5: ='Paste here'!AB5 -> 0 | AH5: KRCE | AI5: ='Paste here'!AA5 -> 0 | AJ5: ='Paste here'!M5 -> 0 | AK5: ='Paste here'!N5 -> 0 | AL5: =Internal!L5 -> #N/A | AM5: ='Paste here'!AD5 -> 0 | AN5: =UPPER('Paste here'!AE5) | AO5: =UPPER('Paste here'!AF5) | AP5: =UPPER('Paste here'!AG5) | AQ5: =Internal!M5 -> #VALUE! | AS5: =IF(OR(G5="TCPL",G5="PRACTICAL - UG",G5="PRACTICAL - PG"),'Paste here'!AH5,"") | AT5: =UPPER(IF(OR(G5="TCPL",G5="PRACTICAL - UG",G5="PRACTICAL - PG"),'Paste here'!AI5," -NA- ")) -> -NA- | AU5: =IF(OR(G5="TCPL",G5="PRACTICAL - UG",G5="PRACTICAL - PG"),'Paste here'!AL5," -NA- ") -> -NA- | AV5: =IF(OR(G5="TCPL",G5="PRACTICAL - UG",G5="PRACTICAL - PG"),'Paste here'!AK5," -NA- ") -> -NA- | AW5: =IF(OR(G5="TCPL",G5="PRACTICAL - UG",G5="PRACTICAL - PG"),"KRCE"," -NA- ") -> -NA- | AX5: =IF(OR(G5="TCPL",G5="PRACTICAL - UG",G5="PRACTICAL - PG"),'Paste here'!AJ5," -NA- ") -> -NA- | AY5: =IF(OR(G5="TCPL",G5="PRACTICAL - UG",G5="PRACTICAL - PG"),'Paste here'!M5," -NA- ") -> -NA- | AZ5: =IF(OR(G5="TCPL",G5="PRACTICAL - UG",G5="PRACTICAL - PG"),'Paste here'!N5," -NA- ") -> -NA- | BA5: =IF(OR(G5="TCPL",G5="PRACTICAL - UG",G5="PRACTICAL - PG"),Skilled!K5," -NA- ") -> -NA- | BB5: =IF(OR(G5="TCPL",G5="PRACTICAL - UG",G5="PRACTICAL - PG"),'Paste here'!AM5," -NA- ") -> -NA- | BC5: =UPPER(IF(OR(G5="TCPL",G5="PRACTICAL - UG",G5="PRACTICAL - PG"),'Paste here'!AN5," -NA- ")) -> -NA- | BD5: =UPPER(IF(OR(G5="TCPL",G5="PRACTICAL - UG",G5="PRACTICAL - PG"),'Paste here'!AO5," -NA- ")) -> -NA- | BE5: =UPPER(IF(OR(G5="TCPL",G5="PRACTICAL - UG",G5="PRACTICAL - PG"),'Paste here'!AP5," -NA- ")) -> -NA- | BF5: =IF(OR(G5="TCPL",G5="PRACTICAL - UG",G5="PRACTICAL - PG"),Skilled!L5,"") | BH5: =IF(OR(AG5="ENGLISH",AG5="MBA"),"",IF(OR(G5="PRACTICAL - UG",G5="PRACTICAL - PG"),'Paste here'!AQ5,"")) | BI5: =UPPER(IF(OR(G5="PRACTICAL - UG",G5="PRACTICAL - PG"),'Paste here'!AR5," -NA- ")) -> -NA- | BJ5: =IF(OR(G5="PRACTICAL - UG",G5="PRACTICAL - PG"),'Paste here'!AT5," -NA- ") -> -NA- | BK5: =IF(OR(AG5="ENGLISH",AG5="MBA"),"-NA-",IF(OR(G5="PRACTICAL - UG",G5="PRACTICAL - PG"),"KRCE"," -NA- ")) -> -NA- | BL5: =IF(OR(G5="PRACTICAL - UG",G5="PRACTICAL - PG"),'Paste here'!AS5," -NA- ") -> -NA- | BM5: =IF(OR(G5="PRACTICAL - UG",G5="PRACTICAL - PG"),'Paste here'!M5," -NA- ") -> -NA- | BN5: =IF(OR(G5="PRACTICAL - UG",G5="PRACTICAL - PG"),'Paste here'!N5," -NA- ") -> -NA- | BO5: =IF(OR(AG5="ENGLISH",AG5="MBA"),"",IF(OR(G5="PRACTICAL - UG",G5="PRACTICAL - PG"),Technician!J5," -NA- ")) -> -NA- | BP5: =IF(OR(G5="PRACTICAL - UG",G5="PRACTICAL - PG"),'Paste here'!AU5," -NA- ") -> -NA- | BQ5: =UPPER(IF(OR(,G5="PRACTICAL - UG",G5="PRACTICAL - PG"),'Paste here'!AV5," -NA- ")) -> -NA- | BR5: =UPPER(IF(OR(G5="PRACTICAL - UG",G5="PRACTICAL - PG"),'Paste here'!AW5," -NA- ")) -> -NA- | BS5: =UPPER(IF(OR(G5="PRACTICAL - UG",G5="PRACTICAL - PG"),'Paste here'!AX5," -NA- ")) -> -NA- | BT5: =IF(OR(AG5="ENGLISH",AG5="MBA"),"",IF(OR(G5="PRACTICAL - UG",G5="PRACTICAL - PG"),Technician!L5,""))
A6: ='Paste here'!A6 -> 0 | B6: ='Paste here'!F6 -> 0 | C6: ='Paste here'!J6 -> 0 | D6: ='Paste here'!K6 -> 0 | E6: =UPPER('Paste here'!H6) | F6: ='Paste here'!I6 -> 0 | G6: ='Paste here'!G6 -> 0 | H6: ='Paste here'!D6 -> 0 | I6: ='Paste here'!E6 -> 0 | K6: ='Paste here'!O6 -> 0 | L6: =UPPER('Paste here'!P6) | M6: ='Paste here'!S6 -> 0 | N6: ='Paste here'!R6 -> 0 | O6: ='Paste here'!T6 -> 0 | P6: =IF(VLOOKUP(O6,'Distance matrix'!B$2:C$238,2,FALSE)<36,"<35",VLOOKUP(O6,'Distance matrix'!B$2:C$238,2,FALSE)) -> #N/A | Q6: ='Paste here'!Q6 -> 0 | R6: ='Paste here'!M6 -> 0 | S6: ='Paste here'!N6 -> 0 | T6: =External!K6 -> #N/A | U6: =External!M6 -> 0 | V6: =External!L6 -> 0 | W6: =External!N6 -> #N/A | X6: ='Paste here'!U6 -> 0 | Y6: =UPPER('Paste here'!V6) | Z6: =UPPER('Paste here'!W6) | AA6: =UPPER('Paste here'!X6) | AB6: =External!O6 -> #VALUE! | AD6: ='Paste here'!Y6 -> 0 | AE6: =UPPER('Paste here'!Z6) | AF6: ='Paste here'!AC6 -> 0 | AG6: ='Paste here'!AB6 -> 0 | AH6: KRCE | AI6: ='Paste here'!AA6 -> 0 | AJ6: ='Paste here'!M6 -> 0 | AK6: ='Paste here'!N6 -> 0 | AL6: =Internal!L6 -> #N/A | AM6: ='Paste here'!AD6 -> 0 | AN6: =UPPER('Paste here'!AE6) | AO6: =UPPER('Paste here'!AF6) | AP6: =UPPER('Paste here'!AG6) | AQ6: =Internal!M6 -> #VALUE! | AS6: =IF(OR(G6="TCPL",G6="PRACTICAL - UG",G6="PRACTICAL - PG"),'Paste here'!AH6,"") | AT6: =UPPER(IF(OR(G6="TCPL",G6="PRACTICAL - UG",G6="PRACTICAL - PG"),'Paste here'!AI6," -NA- ")) -> -NA- | AU6: =IF(OR(G6="TCPL",G6="PRACTICAL - UG",G6="PRACTICAL - PG"),'Paste here'!AL6," -NA- ") -> -NA- | AV6: =IF(OR(G6="TCPL",G6="PRACTICAL - UG",G6="PRACTICAL - PG"),'Paste here'!AK6," -NA- ") -> -NA- | AW6: =IF(OR(G6="TCPL",G6="PRACTICAL - UG",G6="PRACTICAL - PG"),"KRCE"," -NA- ") -> -NA- | AX6: =IF(OR(G6="TCPL",G6="PRACTICAL - UG",G6="PRACTICAL - PG"),'Paste here'!AJ6," -NA- ") -> -NA- | AY6: =IF(OR(G6="TCPL",G6="PRACTICAL - UG",G6="PRACTICAL - PG"),'Paste here'!M6," -NA- ") -> -NA- | AZ6: =IF(OR(G6="TCPL",G6="PRACTICAL - UG",G6="PRACTICAL - PG"),'Paste here'!N6," -NA- ") -> -NA- | BA6: =IF(OR(G6="TCPL",G6="PRACTICAL - UG",G6="PRACTICAL - PG"),Skilled!K6," -NA- ") -> -NA- | BB6: =IF(OR(G6="TCPL",G6="PRACTICAL - UG",G6="PRACTICAL - PG"),'Paste here'!AM6," -NA- ") -> -NA- | BC6: =UPPER(IF(OR(G6="TCPL",G6="PRACTICAL - UG",G6="PRACTICAL - PG"),'Paste here'!AN6," -NA- ")) -> -NA- | BD6: =UPPER(IF(OR(G6="TCPL",G6="PRACTICAL - UG",G6="PRACTICAL - PG"),'Paste here'!AO6," -NA- ")) -> -NA- | BE6: =UPPER(IF(OR(G6="TCPL",G6="PRACTICAL - UG",G6="PRACTICAL - PG"),'Paste here'!AP6," -NA- ")) -> -NA- | BF6: =IF(OR(G6="TCPL",G6="PRACTICAL - UG",G6="PRACTICAL - PG"),Skilled!L6,"") | BH6: =IF(OR(AG6="ENGLISH",AG6="MBA"),"",IF(OR(G6="PRACTICAL - UG",G6="PRACTICAL - PG"),'Paste here'!AQ6,"")) | BI6: =UPPER(IF(OR(G6="PRACTICAL - UG",G6="PRACTICAL - PG"),'Paste here'!AR6," -NA- ")) -> -NA- | BJ6: =IF(OR(G6="PRACTICAL - UG",G6="PRACTICAL - PG"),'Paste here'!AT6," -NA- ") -> -NA- | BK6: =IF(OR(AG6="ENGLISH",AG6="MBA"),"-NA-",IF(OR(G6="PRACTICAL - UG",G6="PRACTICAL - PG"),"KRCE"," -NA- ")) -> -NA- | BL6: =IF(OR(G6="PRACTICAL - UG",G6="PRACTICAL - PG"),'Paste here'!AS6," -NA- ") -> -NA- | BM6: =IF(OR(G6="PRACTICAL - UG",G6="PRACTICAL - PG"),'Paste here'!M6," -NA- ") -> -NA- | BN6: =IF(OR(G6="PRACTICAL - UG",G6="PRACTICAL - PG"),'Paste here'!N6," -NA- ") -> -NA- | BO6: =IF(OR(AG6="ENGLISH",AG6="MBA"),"",IF(OR(G6="PRACTICAL - UG",G6="PRACTICAL - PG"),Technician!J6," -NA- ")) -> -NA- | BP6: =IF(OR(G6="PRACTICAL - UG",G6="PRACTICAL - PG"),'Paste here'!AU6," -NA- ") -> -NA- | BQ6: =UPPER(IF(OR(,G6="PRACTICAL - UG",G6="PRACTICAL - PG"),'Paste here'!AV6," -NA- ")) -> -NA- | BR6: =UPPER(IF(OR(G6="PRACTICAL - UG",G6="PRACTICAL - PG"),'Paste here'!AW6," -NA- ")) -> -NA- | BS6: =UPPER(IF(OR(G6="PRACTICAL - UG",G6="PRACTICAL - PG"),'Paste here'!AX6," -NA- ")) -> -NA- | BT6: =IF(OR(AG6="ENGLISH",AG6="MBA"),"",IF(OR(G6="PRACTICAL - UG",G6="PRACTICAL - PG"),Technician!L6,""))
A7: ='Paste here'!A7 -> 0 | B7: ='Paste here'!F7 -> 0 | C7: ='Paste here'!J7 -> 0 | D7: ='Paste here'!K7 -> 0 | E7: =UPPER('Paste here'!H7) | F7: ='Paste here'!I7 -> 0 | G7: ='Paste here'!G7 -> 0 | H7: ='Paste here'!D7 -> 0 | I7: ='Paste here'!E7 -> 0 | K7: ='Paste here'!O7 -> 0 | L7: =UPPER('Paste here'!P7) | M7: ='Paste here'!S7 -> 0 | N7: ='Paste here'!R7 -> 0 | O7: ='Paste here'!T7 -> 0 | P7: =IF(VLOOKUP(O7,'Distance matrix'!B$2:C$238,2,FALSE)<36,"<35",VLOOKUP(O7,'Distance matrix'!B$2:C$238,2,FALSE)) -> #N/A | Q7: ='Paste here'!Q7 -> 0 | R7: ='Paste here'!M7 -> 0 | S7: ='Paste here'!N7 -> 0 | T7: =External!K7 -> #N/A | U7: =External!M7 -> 0 | V7: =External!L7 -> 0 | W7: =External!N7 -> #N/A | X7: ='Paste here'!U7 -> 0 | Y7: =UPPER('Paste here'!V7) | Z7: =UPPER('Paste here'!W7) | AA7: =UPPER('Paste here'!X7) | AB7: =External!O7 -> #VALUE! | AD7: ='Paste here'!Y7 -> 0 | AE7: =UPPER('Paste here'!Z7) | AF7: ='Paste here'!AC7 -> 0 | AG7: ='Paste here'!AB7 -> 0 | AH7: KRCE | AI7: ='Paste here'!AA7 -> 0 | AJ7: ='Paste here'!M7 -> 0 | AK7: ='Paste here'!N7 -> 0 | AL7: =Internal!L7 -> #N/A | AM7: ='Paste here'!AD7 -> 0 | AN7: =UPPER('Paste here'!AE7) | AO7: =UPPER('Paste here'!AF7) | AP7: =UPPER('Paste here'!AG7) | AQ7: =Internal!M7 -> #VALUE! | AS7: =IF(OR(G7="TCPL",G7="PRACTICAL - UG",G7="PRACTICAL - PG"),'Paste here'!AH7,"") | AT7: =UPPER(IF(OR(G7="TCPL",G7="PRACTICAL - UG",G7="PRACTICAL - PG"),'Paste here'!AI7," -NA- ")) -> -NA- | AU7: =IF(OR(G7="TCPL",G7="PRACTICAL - UG",G7="PRACTICAL - PG"),'Paste here'!AL7," -NA- ") -> -NA- | AV7: =IF(OR(G7="TCPL",G7="PRACTICAL - UG",G7="PRACTICAL - PG"),'Paste here'!AK7," -NA- ") -> -NA- | AW7: =IF(OR(G7="TCPL",G7="PRACTICAL - UG",G7="PRACTICAL - PG"),"KRCE"," -NA- ") -> -NA- | AX7: =IF(OR(G7="TCPL",G7="PRACTICAL - UG",G7="PRACTICAL - PG"),'Paste here'!AJ7," -NA- ") -> -NA- | AY7: =IF(OR(G7="TCPL",G7="PRACTICAL - UG",G7="PRACTICAL - PG"),'Paste here'!M7," -NA- ") -> -NA- | AZ7: =IF(OR(G7="TCPL",G7="PRACTICAL - UG",G7="PRACTICAL - PG"),'Paste here'!N7," -NA- ") -> -NA- | BA7: =IF(OR(G7="TCPL",G7="PRACTICAL - UG",G7="PRACTICAL - PG"),Skilled!K7," -NA- ") -> -NA- | BB7: =IF(OR(G7="TCPL",G7="PRACTICAL - UG",G7="PRACTICAL - PG"),'Paste here'!AM7," -NA- ") -> -NA- | BC7: =UPPER(IF(OR(G7="TCPL",G7="PRACTICAL - UG",G7="PRACTICAL - PG"),'Paste here'!AN7," -NA- ")) -> -NA- | BD7: =UPPER(IF(OR(G7="TCPL",G7="PRACTICAL - UG",G7="PRACTICAL - PG"),'Paste here'!AO7," -NA- ")) -> -NA- | BE7: =UPPER(IF(OR(G7="TCPL",G7="PRACTICAL - UG",G7="PRACTICAL - PG"),'Paste here'!AP7," -NA- ")) -> -NA- | BF7: =IF(OR(G7="TCPL",G7="PRACTICAL - UG",G7="PRACTICAL - PG"),Skilled!L7,"") | BH7: =IF(OR(AG7="ENGLISH",AG7="MBA"),"",IF(OR(G7="PRACTICAL - UG",G7="PRACTICAL - PG"),'Paste here'!AQ7,"")) | BI7: =UPPER(IF(OR(G7="PRACTICAL - UG",G7="PRACTICAL - PG"),'Paste here'!AR7," -NA- ")) -> -NA- | BJ7: =IF(OR(G7="PRACTICAL - UG",G7="PRACTICAL - PG"),'Paste here'!AT7," -NA- ") -> -NA- | BK7: =IF(OR(AG7="ENGLISH",AG7="MBA"),"-NA-",IF(OR(G7="PRACTICAL - UG",G7="PRACTICAL - PG"),"KRCE"," -NA- ")) -> -NA- | BL7: =IF(OR(G7="PRACTICAL - UG",G7="PRACTICAL - PG"),'Paste here'!AS7," -NA- ") -> -NA- | BM7: =IF(OR(G7="PRACTICAL - UG",G7="PRACTICAL - PG"),'Paste here'!M7," -NA- ") -> -NA- | BN7: =IF(OR(G7="PRACTICAL - UG",G7="PRACTICAL - PG"),'Paste here'!N7," -NA- ") -> -NA- | BO7: =IF(OR(AG7="ENGLISH",AG7="MBA"),"",IF(OR(G7="PRACTICAL - UG",G7="PRACTICAL - PG"),Technician!J7," -NA- ")) -> -NA- | BP7: =IF(OR(G7="PRACTICAL - UG",G7="PRACTICAL - PG"),'Paste here'!AU7," -NA- ") -> -NA- | BQ7: =UPPER(IF(OR(,G7="PRACTICAL - UG",G7="PRACTICAL - PG"),'Paste here'!AV7," -NA- ")) -> -NA- | BR7: =UPPER(IF(OR(G7="PRACTICAL - UG",G7="PRACTICAL - PG"),'Paste here'!AW7," -NA- ")) -> -NA- | BS7: =UPPER(IF(OR(G7="PRACTICAL - UG",G7="PRACTICAL - PG"),'Paste here'!AX7," -NA- ")) -> -NA- | BT7: =IF(OR(AG7="ENGLISH",AG7="MBA"),"",IF(OR(G7="PRACTICAL - UG",G7="PRACTICAL - PG"),Technician!L7,""))
A8: ='Paste here'!A8 -> 0 | B8: ='Paste here'!F8 -> 0 | C8: ='Paste here'!J8 -> 0 | D8: ='Paste here'!K8 -> 0 | E8: =UPPER('Paste here'!H8) | F8: ='Paste here'!I8 -> 0 | G8: ='Paste here'!G8 -> 0 | H8: ='Paste here'!D8 -> 0 | I8: ='Paste here'!E8 -> 0 | K8: ='Paste here'!O8 -> 0 | L8: =UPPER('Paste here'!P8) | M8: ='Paste here'!S8 -> 0 | N8: ='Paste here'!R8 -> 0 | O8: ='Paste here'!T8 -> 0 | P8: =IF(VLOOKUP(O8,'Distance matrix'!B$2:C$238,2,FALSE)<36,"<35",VLOOKUP(O8,'Distance matrix'!B$2:C$238,2,FALSE)) -> #N/A | Q8: ='Paste here'!Q8 -> 0 | R8: ='Paste here'!M8 -> 0 | S8: ='Paste here'!N8 -> 0 | T8: =External!K8 -> #N/A | U8: =External!M8 -> 0 | V8: =External!L8 -> 0 | W8: =External!N8 -> #N/A | X8: ='Paste here'!U8 -> 0 | Y8: =UPPER('Paste here'!V8) | Z8: =UPPER('Paste here'!W8) | AA8: =UPPER('Paste here'!X8) | AB8: =External!O8 -> #VALUE! | AD8: ='Paste here'!Y8 -> 0 | AE8: =UPPER('Paste here'!Z8) | AF8: ='Paste here'!AC8 -> 0 | AG8: ='Paste here'!AB8 -> 0 | AH8: KRCE | AI8: ='Paste here'!AA8 -> 0 | AJ8: ='Paste here'!M8 -> 0 | AK8: ='Paste here'!N8 -> 0 | AL8: =Internal!L8 -> #N/A | AM8: ='Paste here'!AD8 -> 0 | AN8: =UPPER('Paste here'!AE8) | AO8: =UPPER('Paste here'!AF8) | AP8: =UPPER('Paste here'!AG8) | AQ8: =Internal!M8 -> #VALUE! | AS8: =IF(OR(G8="TCPL",G8="PRACTICAL - UG",G8="PRACTICAL - PG"),'Paste here'!AH8,"") | AT8: =UPPER(IF(OR(G8="TCPL",G8="PRACTICAL - UG",G8="PRACTICAL - PG"),'Paste here'!AI8," -NA- ")) -> -NA- | AU8: =IF(OR(G8="TCPL",G8="PRACTICAL - UG",G8="PRACTICAL - PG"),'Paste here'!AL8," -NA- ") -> -NA- | AV8: =IF(OR(G8="TCPL",G8="PRACTICAL - UG",G8="PRACTICAL - PG"),'Paste here'!AK8," -NA- ") -> -NA- | AW8: =IF(OR(G8="TCPL",G8="PRACTICAL - UG",G8="PRACTICAL - PG"),"KRCE"," -NA- ") -> -NA- | AX8: =IF(OR(G8="TCPL",G8="PRACTICAL - UG",G8="PRACTICAL - PG"),'Paste here'!AJ8," -NA- ") -> -NA- | AY8: =IF(OR(G8="TCPL",G8="PRACTICAL - UG",G8="PRACTICAL - PG"),'Paste here'!M8," -NA- ") -> -NA- | AZ8: =IF(OR(G8="TCPL",G8="PRACTICAL - UG",G8="PRACTICAL - PG"),'Paste here'!N8," -NA- ") -> -NA- | BA8: =IF(OR(G8="TCPL",G8="PRACTICAL - UG",G8="PRACTICAL - PG"),Skilled!K8," -NA- ") -> -NA- | BB8: =IF(OR(G8="TCPL",G8="PRACTICAL - UG",G8="PRACTICAL - PG"),'Paste here'!AM8," -NA- ") -> -NA- | BC8: =UPPER(IF(OR(G8="TCPL",G8="PRACTICAL - UG",G8="PRACTICAL - PG"),'Paste here'!AN8," -NA- ")) -> -NA- | BD8: =UPPER(IF(OR(G8="TCPL",G8="PRACTICAL - UG",G8="PRACTICAL - PG"),'Paste here'!AO8," -NA- ")) -> -NA- | BE8: =UPPER(IF(OR(G8="TCPL",G8="PRACTICAL - UG",G8="PRACTICAL - PG"),'Paste here'!AP8," -NA- ")) -> -NA- | BF8: =IF(OR(G8="TCPL",G8="PRACTICAL - UG",G8="PRACTICAL - PG"),Skilled!L8,"") | BH8: =IF(OR(AG8="ENGLISH",AG8="MBA"),"",IF(OR(G8="PRACTICAL - UG",G8="PRACTICAL - PG"),'Paste here'!AQ8,"")) | BI8: =UPPER(IF(OR(G8="PRACTICAL - UG",G8="PRACTICAL - PG"),'Paste here'!AR8," -NA- ")) -> -NA- | BJ8: =IF(OR(G8="PRACTICAL - UG",G8="PRACTICAL - PG"),'Paste here'!AT8," -NA- ") -> -NA- | BK8: =IF(OR(AG8="ENGLISH",AG8="MBA"),"-NA-",IF(OR(G8="PRACTICAL - UG",G8="PRACTICAL - PG"),"KRCE"," -NA- ")) -> -NA- | BL8: =IF(OR(G8="PRACTICAL - UG",G8="PRACTICAL - PG"),'Paste here'!AS8," -NA- ") -> -NA- | BM8: =IF(OR(G8="PRACTICAL - UG",G8="PRACTICAL - PG"),'Paste here'!M8," -NA- ") -> -NA- | BN8: =IF(OR(G8="PRACTICAL - UG",G8="PRACTICAL - PG"),'Paste here'!N8," -NA- ") -> -NA- | BO8: =IF(OR(AG8="ENGLISH",AG8="MBA"),"",IF(OR(G8="PRACTICAL - UG",G8="PRACTICAL - PG"),Technician!J8," -NA- ")) -> -NA- | BP8: =IF(OR(G8="PRACTICAL - UG",G8="PRACTICAL - PG"),'Paste here'!AU8," -NA- ") -> -NA- | BQ8: =UPPER(IF(OR(,G8="PRACTICAL - UG",G8="PRACTICAL - PG"),'Paste here'!AV8," -NA- ")) -> -NA- | BR8: =UPPER(IF(OR(G8="PRACTICAL - UG",G8="PRACTICAL - PG"),'Paste here'!AW8," -NA- ")) -> -NA- | BS8: =UPPER(IF(OR(G8="PRACTICAL - UG",G8="PRACTICAL - PG"),'Paste here'!AX8," -NA- ")) -> -NA- | BT8: =IF(OR(AG8="ENGLISH",AG8="MBA"),"",IF(OR(G8="PRACTICAL - UG",G8="PRACTICAL - PG"),Technician!L8,""))
A9: ='Paste here'!A9 -> 0 | B9: ='Paste here'!F9 -> 0 | C9: ='Paste here'!J9 -> 0 | D9: ='Paste here'!K9 -> 0 | E9: =UPPER('Paste here'!H9) | F9: ='Paste here'!I9 -> 0 | G9: ='Paste here'!G9 -> 0 | H9: ='Paste here'!D9 -> 0 | I9: ='Paste here'!E9 -> 0 | K9: ='Paste here'!O9 -> 0 | L9: =UPPER('Paste here'!P9) | M9: ='Paste here'!S9 -> 0 | N9: ='Paste here'!R9 -> 0 | O9: ='Paste here'!T9 -> 0 | P9: =IF(VLOOKUP(O9,'Distance matrix'!B$2:C$238,2,FALSE)<36,"<35",VLOOKUP(O9,'Distance matrix'!B$2:C$238,2,FALSE)) -> #N/A | Q9: ='Paste here'!Q9 -> 0 | R9: ='Paste here'!M9 -> 0 | S9: ='Paste here'!N9 -> 0 | T9: =External!K9 -> #N/A | U9: =External!M9 -> 0 | V9: =External!L9 -> 0 | W9: =External!N9 -> #N/A | X9: ='Paste here'!U9 -> 0 | Y9: =UPPER('Paste here'!V9) | Z9: =UPPER('Paste here'!W9) | AA9: =UPPER('Paste here'!X9) | AB9: =External!O9 -> #VALUE! | AD9: ='Paste here'!Y9 -> 0 | AE9: =UPPER('Paste here'!Z9) | AF9: ='Paste here'!AC9 -> 0 | AG9: ='Paste here'!AB9 -> 0 | AH9: KRCE | AI9: ='Paste here'!AA9 -> 0 | AJ9: ='Paste here'!M9 -> 0 | AK9: ='Paste here'!N9 -> 0 | AL9: =Internal!L9 -> #N/A | AM9: ='Paste here'!AD9 -> 0 | AN9: =UPPER('Paste here'!AE9) | AO9: =UPPER('Paste here'!AF9) | AP9: =UPPER('Paste here'!AG9) | AQ9: =Internal!M9 -> #VALUE! | AS9: =IF(OR(G9="TCPL",G9="PRACTICAL - UG",G9="PRACTICAL - PG"),'Paste here'!AH9,"") | AT9: =UPPER(IF(OR(G9="TCPL",G9="PRACTICAL - UG",G9="PRACTICAL - PG"),'Paste here'!AI9," -NA- ")) -> -NA- | AU9: =IF(OR(G9="TCPL",G9="PRACTICAL - UG",G9="PRACTICAL - PG"),'Paste here'!AL9," -NA- ") -> -NA- | AV9: =IF(OR(G9="TCPL",G9="PRACTICAL - UG",G9="PRACTICAL - PG"),'Paste here'!AK9," -NA- ") -> -NA- | AW9: =IF(OR(G9="TCPL",G9="PRACTICAL - UG",G9="PRACTICAL - PG"),"KRCE"," -NA- ") -> -NA- | AX9: =IF(OR(G9="TCPL",G9="PRACTICAL - UG",G9="PRACTICAL - PG"),'Paste here'!AJ9," -NA- ") -> -NA- | AY9: =IF(OR(G9="TCPL",G9="PRACTICAL - UG",G9="PRACTICAL - PG"),'Paste here'!M9," -NA- ") -> -NA- | AZ9: =IF(OR(G9="TCPL",G9="PRACTICAL - UG",G9="PRACTICAL - PG"),'Paste here'!N9," -NA- ") -> -NA- | BA9: =IF(OR(G9="TCPL",G9="PRACTICAL - UG",G9="PRACTICAL - PG"),Skilled!K9," -NA- ") -> -NA- | BB9: =IF(OR(G9="TCPL",G9="PRACTICAL - UG",G9="PRACTICAL - PG"),'Paste here'!AM9," -NA- ") -> -NA- | BC9: =UPPER(IF(OR(G9="TCPL",G9="PRACTICAL - UG",G9="PRACTICAL - PG"),'Paste here'!AN9," -NA- ")) -> -NA- | BD9: =UPPER(IF(OR(G9="TCPL",G9="PRACTICAL - UG",G9="PRACTICAL - PG"),'Paste here'!AO9," -NA- ")) -> -NA- | BE9: =UPPER(IF(OR(G9="TCPL",G9="PRACTICAL - UG",G9="PRACTICAL - PG"),'Paste here'!AP9," -NA- ")) -> -NA- | BF9: =IF(OR(G9="TCPL",G9="PRACTICAL - UG",G9="PRACTICAL - PG"),Skilled!L9,"") | BH9: =IF(OR(AG9="ENGLISH",AG9="MBA"),"",IF(OR(G9="PRACTICAL - UG",G9="PRACTICAL - PG"),'Paste here'!AQ9,"")) | BI9: =UPPER(IF(OR(G9="PRACTICAL - UG",G9="PRACTICAL - PG"),'Paste here'!AR9," -NA- ")) -> -NA- | BJ9: =IF(OR(G9="PRACTICAL - UG",G9="PRACTICAL - PG"),'Paste here'!AT9," -NA- ") -> -NA- | BK9: =IF(OR(AG9="ENGLISH",AG9="MBA"),"-NA-",IF(OR(G9="PRACTICAL - UG",G9="PRACTICAL - PG"),"KRCE"," -NA- ")) -> -NA- | BL9: =IF(OR(G9="PRACTICAL - UG",G9="PRACTICAL - PG"),'Paste here'!AS9," -NA- ") -> -NA- | BM9: =IF(OR(G9="PRACTICAL - UG",G9="PRACTICAL - PG"),'Paste here'!M9," -NA- ") -> -NA- | BN9: =IF(OR(G9="PRACTICAL - UG",G9="PRACTICAL - PG"),'Paste here'!N9," -NA- ") -> -NA- | BO9: =IF(OR(AG9="ENGLISH",AG9="MBA"),"",IF(OR(G9="PRACTICAL - UG",G9="PRACTICAL - PG"),Technician!J9," -NA- ")) -> -NA- | BP9: =IF(OR(G9="PRACTICAL - UG",G9="PRACTICAL - PG"),'Paste here'!AU9," -NA- ") -> -NA- | BQ9: =UPPER(IF(OR(,G9="PRACTICAL - UG",G9="PRACTICAL - PG"),'Paste here'!AV9," -NA- ")) -> -NA- | BR9: =UPPER(IF(OR(G9="PRACTICAL - UG",G9="PRACTICAL - PG"),'Paste here'!AW9," -NA- ")) -> -NA- | BS9: =UPPER(IF(OR(G9="PRACTICAL - UG",G9="PRACTICAL - PG"),'Paste here'!AX9," -NA- ")) -> -NA- | BT9: =IF(OR(AG9="ENGLISH",AG9="MBA"),"",IF(OR(G9="PRACTICAL - UG",G9="PRACTICAL - PG"),Technician!L9,""))
A10: ='Paste here'!A10 -> 0 | B10: ='Paste here'!F10 -> 0 | C10: ='Paste here'!J10 -> 0 | D10: ='Paste here'!K10 -> 0 | E10: =UPPER('Paste here'!H10) | F10: ='Paste here'!I10 -> 0 | G10: ='Paste here'!G10 -> 0 | H10: ='Paste here'!D10 -> 0 | I10: ='Paste here'!E10 -> 0 | K10: ='Paste here'!O10 -> 0 | L10: =UPPER('Paste here'!P10) | M10: ='Paste here'!S10 -> 0 | N10: ='Paste here'!R10 -> 0 | O10: ='Paste here'!T10 -> 0 | P10: =IF(VLOOKUP(O10,'Distance matrix'!B$2:C$238,2,FALSE)<36,"<35",VLOOKUP(O10,'Distance matrix'!B$2:C$238,2,FALSE)) -> #N/A | Q10: ='Paste here'!Q10 -> 0 | R10: ='Paste here'!M10 -> 0 | S10: ='Paste here'!N10 -> 0 | T10: =External!K10 -> #N/A | U10: =External!M10 -> 0 | V10: =External!L10 -> 0 | W10: =External!N10 -> #N/A | X10: ='Paste here'!U10 -> 0 | Y10: =UPPER('Paste here'!V10) | Z10: =UPPER('Paste here'!W10) | AA10: =UPPER('Paste here'!X10) | AB10: =External!O10 -> #VALUE! | AD10: ='Paste here'!Y10 -> 0 | AE10: =UPPER('Paste here'!Z10) | AF10: ='Paste here'!AC10 -> 0 | AG10: ='Paste here'!AB10 -> 0 | AH10: KRCE | AI10: ='Paste here'!AA10 -> 0 | AJ10: ='Paste here'!M10 -> 0 | AK10: ='Paste here'!N10 -> 0 | AL10: =Internal!L10 -> #N/A | AM10: ='Paste here'!AD10 -> 0 | AN10: =UPPER('Paste here'!AE10) | AO10: =UPPER('Paste here'!AF10) | AP10: =UPPER('Paste here'!AG10) | AQ10: =Internal!M10 -> #VALUE! | AS10: =IF(OR(G10="TCPL",G10="PRACTICAL - UG",G10="PRACTICAL - PG"),'Paste here'!AH10,"") | AT10: =UPPER(IF(OR(G10="TCPL",G10="PRACTICAL - UG",G10="PRACTICAL - PG"),'Paste here'!AI10," -NA- ")) -> -NA- | AU10: =IF(OR(G10="TCPL",G10="PRACTICAL - UG",G10="PRACTICAL - PG"),'Paste here'!AL10," -NA- ") -> -NA- | AV10: =IF(OR(G10="TCPL",G10="PRACTICAL - UG",G10="PRACTICAL - PG"),'Paste here'!AK10," -NA- ") -> -NA- | AW10: =IF(OR(G10="TCPL",G10="PRACTICAL - UG",G10="PRACTICAL - PG"),"KRCE"," -NA- ") -> -NA- | AX10: =IF(OR(G10="TCPL",G10="PRACTICAL - UG",G10="PRACTICAL - PG"),'Paste here'!AJ10," -NA- ") -> -NA- | AY10: =IF(OR(G10="TCPL",G10="PRACTICAL - UG",G10="PRACTICAL - PG"),'Paste here'!M10," -NA- ") -> -NA- | AZ10: =IF(OR(G10="TCPL",G10="PRACTICAL - UG",G10="PRACTICAL - PG"),'Paste here'!N10," -NA- ") -> -NA- | BA10: =IF(OR(G10="TCPL",G10="PRACTICAL - UG",G10="PRACTICAL - PG"),Skilled!K10," -NA- ") -> -NA- | BB10: =IF(OR(G10="TCPL",G10="PRACTICAL - UG",G10="PRACTICAL - PG"),'Paste here'!AM10," -NA- ") -> -NA- | BC10: =UPPER(IF(OR(G10="TCPL",G10="PRACTICAL - UG",G10="PRACTICAL - PG"),'Paste here'!AN10," -NA- ")) -> -NA- | BD10: =UPPER(IF(OR(G10="TCPL",G10="PRACTICAL - UG",G10="PRACTICAL - PG"),'Paste here'!AO10," -NA- ")) -> -NA- | BE10: =UPPER(IF(OR(G10="TCPL",G10="PRACTICAL - UG",G10="PRACTICAL - PG"),'Paste here'!AP10," -NA- ")) -> -NA- | BF10: =IF(OR(G10="TCPL",G10="PRACTICAL - UG",G10="PRACTICAL - PG"),Skilled!L10,"") | BH10: =IF(OR(AG10="ENGLISH",AG10="MBA"),"",IF(OR(G10="PRACTICAL - UG",G10="PRACTICAL - PG"),'Paste here'!AQ10,"")) | BI10: =UPPER(IF(OR(G10="PRACTICAL - UG",G10="PRACTICAL - PG"),'Paste here'!AR10," -NA- ")) -> -NA- | BJ10: =IF(OR(G10="PRACTICAL - UG",G10="PRACTICAL - PG"),'Paste here'!AT10," -NA- ") -> -NA- | BK10: =IF(OR(AG10="ENGLISH",AG10="MBA"),"-NA-",IF(OR(G10="PRACTICAL - UG",G10="PRACTICAL - PG"),"KRCE"," -NA- ")) -> -NA- | BL10: =IF(OR(G10="PRACTICAL - UG",G10="PRACTICAL - PG"),'Paste here'!AS10," -NA- ") -> -NA- | BM10: =IF(OR(G10="PRACTICAL - UG",G10="PRACTICAL - PG"),'Paste here'!M10," -NA- ") -> -NA- | BN10: =IF(OR(G10="PRACTICAL - UG",G10="PRACTICAL - PG"),'Paste here'!N10," -NA- ") -> -NA- | BO10: =IF(OR(AG10="ENGLISH",AG10="MBA"),"",IF(OR(G10="PRACTICAL - UG",G10="PRACTICAL - PG"),Technician!J10," -NA- ")) -> -NA- | BP10: =IF(OR(G10="PRACTICAL - UG",G10="PRACTICAL - PG"),'Paste here'!AU10," -NA- ") -> -NA- | BQ10: =UPPER(IF(OR(,G10="PRACTICAL - UG",G10="PRACTICAL - PG"),'Paste here'!AV10," -NA- ")) -> -NA- | BR10: =UPPER(IF(OR(G10="PRACTICAL - UG",G10="PRACTICAL - PG"),'Paste here'!AW10," -NA- ")) -> -NA- | BS10: =UPPER(IF(OR(G10="PRACTICAL - UG",G10="PRACTICAL - PG"),'Paste here'!AX10," -NA- ")) -> -NA- | BT10: =IF(OR(AG10="ENGLISH",AG10="MBA"),"",IF(OR(G10="PRACTICAL - UG",G10="PRACTICAL - PG"),Technician!L10,""))
A11: ='Paste here'!A11 -> 0 | B11: ='Paste here'!F11 -> 0 | C11: ='Paste here'!J11 -> 0 | D11: ='Paste here'!K11 -> 0 | E11: =UPPER('Paste here'!H11) | F11: ='Paste here'!I11 -> 0 | G11: ='Paste here'!G11 -> 0 | H11: ='Paste here'!D11 -> 0 | I11: ='Paste here'!E11 -> 0 | K11: ='Paste here'!O11 -> 0 | L11: =UPPER('Paste here'!P11) | M11: ='Paste here'!S11 -> 0 | N11: ='Paste here'!R11 -> 0 | O11: ='Paste here'!T11 -> 0 | P11: =IF(VLOOKUP(O11,'Distance matrix'!B$2:C$238,2,FALSE)<36,"<35",VLOOKUP(O11,'Distance matrix'!B$2:C$238,2,FALSE)) -> #N/A | Q11: ='Paste here'!Q11 -> 0 | R11: ='Paste here'!M11 -> 0 | S11: ='Paste here'!N11 -> 0 | T11: =External!K11 -> #N/A | U11: =External!M11 -> 0 | V11: =External!L11 -> 0 | W11: =External!N11 -> #N/A | X11: ='Paste here'!U11 -> 0 | Y11: =UPPER('Paste here'!V11) | Z11: =UPPER('Paste here'!W11) | AA11: =UPPER('Paste here'!X11) | AB11: =External!O11 -> #VALUE! | AD11: ='Paste here'!Y11 -> 0 | AE11: =UPPER('Paste here'!Z11) | AF11: ='Paste here'!AC11 -> 0 | AG11: ='Paste here'!AB11 -> 0 | AH11: KRCE | AI11: ='Paste here'!AA11 -> 0 | AJ11: ='Paste here'!M11 -> 0 | AK11: ='Paste here'!N11 -> 0 | AL11: =Internal!L11 -> #N/A | AM11: ='Paste here'!AD11 -> 0 | AN11: =UPPER('Paste here'!AE11) | AO11: =UPPER('Paste here'!AF11) | AP11: =UPPER('Paste here'!AG11) | AQ11: =Internal!M11 -> #VALUE! | AS11: =IF(OR(G11="TCPL",G11="PRACTICAL - UG",G11="PRACTICAL - PG"),'Paste here'!AH11,"") | AT11: =UPPER(IF(OR(G11="TCPL",G11="PRACTICAL - UG",G11="PRACTICAL - PG"),'Paste here'!AI11," -NA- ")) -> -NA- | AU11: =IF(OR(G11="TCPL",G11="PRACTICAL - UG",G11="PRACTICAL - PG"),'Paste here'!AL11," -NA- ") -> -NA- | AV11: =IF(OR(G11="TCPL",G11="PRACTICAL - UG",G11="PRACTICAL - PG"),'Paste here'!AK11," -NA- ") -> -NA- | AW11: =IF(OR(G11="TCPL",G11="PRACTICAL - UG",G11="PRACTICAL - PG"),"KRCE"," -NA- ") -> -NA- | AX11: =IF(OR(G11="TCPL",G11="PRACTICAL - UG",G11="PRACTICAL - PG"),'Paste here'!AJ11," -NA- ") -> -NA- | AY11: =IF(OR(G11="TCPL",G11="PRACTICAL - UG",G11="PRACTICAL - PG"),'Paste here'!M11," -NA- ") -> -NA- | AZ11: =IF(OR(G11="TCPL",G11="PRACTICAL - UG",G11="PRACTICAL - PG"),'Paste here'!N11," -NA- ") -> -NA- | BA11: =IF(OR(G11="TCPL",G11="PRACTICAL - UG",G11="PRACTICAL - PG"),Skilled!K11," -NA- ") -> -NA- | BB11: =IF(OR(G11="TCPL",G11="PRACTICAL - UG",G11="PRACTICAL - PG"),'Paste here'!AM11," -NA- ") -> -NA- | BC11: =UPPER(IF(OR(G11="TCPL",G11="PRACTICAL - UG",G11="PRACTICAL - PG"),'Paste here'!AN11," -NA- ")) -> -NA- | BD11: =UPPER(IF(OR(G11="TCPL",G11="PRACTICAL - UG",G11="PRACTICAL - PG"),'Paste here'!AO11," -NA- ")) -> -NA- | BE11: =UPPER(IF(OR(G11="TCPL",G11="PRACTICAL - UG",G11="PRACTICAL - PG"),'Paste here'!AP11," -NA- ")) -> -NA- | BF11: =IF(OR(G11="TCPL",G11="PRACTICAL - UG",G11="PRACTICAL - PG"),Skilled!L11,"") | BH11: =IF(OR(AG11="ENGLISH",AG11="MBA"),"",IF(OR(G11="PRACTICAL - UG",G11="PRACTICAL - PG"),'Paste here'!AQ11,"")) | BI11: =UPPER(IF(OR(G11="PRACTICAL - UG",G11="PRACTICAL - PG"),'Paste here'!AR11," -NA- ")) -> -NA- | BJ11: =IF(OR(G11="PRACTICAL - UG",G11="PRACTICAL - PG"),'Paste here'!AT11," -NA- ") -> -NA- | BK11: =IF(OR(AG11="ENGLISH",AG11="MBA"),"-NA-",IF(OR(G11="PRACTICAL - UG",G11="PRACTICAL - PG"),"KRCE"," -NA- ")) -> -NA- | BL11: =IF(OR(G11="PRACTICAL - UG",G11="PRACTICAL - PG"),'Paste here'!AS11," -NA- ") -> -NA- | BM11: =IF(OR(G11="PRACTICAL - UG",G11="PRACTICAL - PG"),'Paste here'!M11," -NA- ") -> -NA- | BN11: =IF(OR(G11="PRACTICAL - UG",G11="PRACTICAL - PG"),'Paste here'!N11," -NA- ") -> -NA- | BO11: =IF(OR(AG11="ENGLISH",AG11="MBA"),"",IF(OR(G11="PRACTICAL - UG",G11="PRACTICAL - PG"),Technician!J11," -NA- ")) -> -NA- | BP11: =IF(OR(G11="PRACTICAL - UG",G11="PRACTICAL - PG"),'Paste here'!AU11," -NA- ") -> -NA- | BQ11: =UPPER(IF(OR(,G11="PRACTICAL - UG",G11="PRACTICAL - PG"),'Paste here'!AV11," -NA- ")) -> -NA- | BR11: =UPPER(IF(OR(G11="PRACTICAL - UG",G11="PRACTICAL - PG"),'Paste here'!AW11," -NA- ")) -> -NA- | BS11: =UPPER(IF(OR(G11="PRACTICAL - UG",G11="PRACTICAL - PG"),'Paste here'!AX11," -NA- ")) -> -NA- | BT11: =IF(OR(AG11="ENGLISH",AG11="MBA"),"",IF(OR(G11="PRACTICAL - UG",G11="PRACTICAL - PG"),Technician!L11,""))
A12: ='Paste here'!A12 -> 0 | B12: ='Paste here'!F12 -> 0 | C12: ='Paste here'!J12 -> 0 | D12: ='Paste here'!K12 -> 0 | E12: =UPPER('Paste here'!H12) | F12: ='Paste here'!I12 -> 0 | G12: ='Paste here'!G12 -> 0 | H12: ='Paste here'!D12 -> 0 | I12: ='Paste here'!E12 -> 0 | K12: ='Paste here'!O12 -> 0 | L12: =UPPER('Paste here'!P12) | M12: ='Paste here'!S12 -> 0 | N12: ='Paste here'!R12 -> 0 | O12: ='Paste here'!T12 -> 0 | P12: =IF(VLOOKUP(O12,'Distance matrix'!B$2:C$238,2,FALSE)<36,"<35",VLOOKUP(O12,'Distance matrix'!B$2:C$238,2,FALSE)) -> #N/A | Q12: ='Paste here'!Q12 -> 0 | R12: ='Paste here'!M12 -> 0 | S12: ='Paste here'!N12 -> 0 | T12: =External!K12 -> #N/A | U12: =External!M12 -> 0 | V12: =External!L12 -> 0 | W12: =External!N12 -> #N/A | X12: ='Paste here'!U12 -> 0 | Y12: =UPPER('Paste here'!V12) | Z12: =UPPER('Paste here'!W12) | AA12: =UPPER('Paste here'!X12) | AB12: =External!O12 -> #VALUE! | AD12: ='Paste here'!Y12 -> 0 | AE12: =UPPER('Paste here'!Z12) | AF12: ='Paste here'!AC12 -> 0 | AG12: ='Paste here'!AB12 -> 0 | AH12: KRCE | AI12: ='Paste here'!AA12 -> 0 | AJ12: ='Paste here'!M12 -> 0 | AK12: ='Paste here'!N12 -> 0 | AL12: =Internal!L12 -> #N/A | AM12: ='Paste here'!AD12 -> 0 | AN12: =UPPER('Paste here'!AE12) | AO12: =UPPER('Paste here'!AF12) | AP12: =UPPER('Paste here'!AG12) | AQ12: =Internal!M12 -> #VALUE! | AS12: =IF(OR(G12="TCPL",G12="PRACTICAL - UG",G12="PRACTICAL - PG"),'Paste here'!AH12,"") | AT12: =UPPER(IF(OR(G12="TCPL",G12="PRACTICAL - UG",G12="PRACTICAL - PG"),'Paste here'!AI12," -NA- ")) -> -NA- | AU12: =IF(OR(G12="TCPL",G12="PRACTICAL - UG",G12="PRACTICAL - PG"),'Paste here'!AL12," -NA- ") -> -NA- | AV12: =IF(OR(G12="TCPL",G12="PRACTICAL - UG",G12="PRACTICAL - PG"),'Paste here'!AK12," -NA- ") -> -NA- | AW12: =IF(OR(G12="TCPL",G12="PRACTICAL - UG",G12="PRACTICAL - PG"),"KRCE"," -NA- ") -> -NA- | AX12: =IF(OR(G12="TCPL",G12="PRACTICAL - UG",G12="PRACTICAL - PG"),'Paste here'!AJ12," -NA- ") -> -NA- | AY12: =IF(OR(G12="TCPL",G12="PRACTICAL - UG",G12="PRACTICAL - PG"),'Paste here'!M12," -NA- ") -> -NA- | AZ12: =IF(OR(G12="TCPL",G12="PRACTICAL - UG",G12="PRACTICAL - PG"),'Paste here'!N12," -NA- ") -> -NA- | BA12: =IF(OR(G12="TCPL",G12="PRACTICAL - UG",G12="PRACTICAL - PG"),Skilled!K12," -NA- ") -> -NA- | BB12: =IF(OR(G12="TCPL",G12="PRACTICAL - UG",G12="PRACTICAL - PG"),'Paste here'!AM12," -NA- ") -> -NA- | BC12: =UPPER(IF(OR(G12="TCPL",G12="PRACTICAL - UG",G12="PRACTICAL - PG"),'Paste here'!AN12," -NA- ")) -> -NA- | BD12: =UPPER(IF(OR(G12="TCPL",G12="PRACTICAL - UG",G12="PRACTICAL - PG"),'Paste here'!AO12," -NA- ")) -> -NA- | BE12: =UPPER(IF(OR(G12="TCPL",G12="PRACTICAL - UG",G12="PRACTICAL - PG"),'Paste here'!AP12," -NA- ")) -> -NA- | BF12: =IF(OR(G12="TCPL",G12="PRACTICAL - UG",G12="PRACTICAL - PG"),Skilled!L12,"") | BH12: =IF(OR(AG12="ENGLISH",AG12="MBA"),"",IF(OR(G12="PRACTICAL - UG",G12="PRACTICAL - PG"),'Paste here'!AQ12,"")) | BI12: =UPPER(IF(OR(G12="PRACTICAL - UG",G12="PRACTICAL - PG"),'Paste here'!AR12," -NA- ")) -> -NA- | BJ12: =IF(OR(G12="PRACTICAL - UG",G12="PRACTICAL - PG"),'Paste here'!AT12," -NA- ") -> -NA- | BK12: =IF(OR(AG12="ENGLISH",AG12="MBA"),"-NA-",IF(OR(G12="PRACTICAL - UG",G12="PRACTICAL - PG"),"KRCE"," -NA- ")) -> -NA- | BL12: =IF(OR(G12="PRACTICAL - UG",G12="PRACTICAL - PG"),'Paste here'!AS12," -NA- ") -> -NA- | BM12: =IF(OR(G12="PRACTICAL - UG",G12="PRACTICAL - PG"),'Paste here'!M12," -NA- ") -> -NA- | BN12: =IF(OR(G12="PRACTICAL - UG",G12="PRACTICAL - PG"),'Paste here'!N12," -NA- ") -> -NA- | BO12: =IF(OR(AG12="ENGLISH",AG12="MBA"),"",IF(OR(G12="PRACTICAL - UG",G12="PRACTICAL - PG"),Technician!J12," -NA- ")) -> -NA- | BP12: =IF(OR(G12="PRACTICAL - UG",G12="PRACTICAL - PG"),'Paste here'!AU12," -NA- ") -> -NA- | BQ12: =UPPER(IF(OR(,G12="PRACTICAL - UG",G12="PRACTICAL - PG"),'Paste here'!AV12," -NA- ")) -> -NA- | BR12: =UPPER(IF(OR(G12="PRACTICAL - UG",G12="PRACTICAL - PG"),'Paste here'!AW12," -NA- ")) -> -NA- | BS12: =UPPER(IF(OR(G12="PRACTICAL - UG",G12="PRACTICAL - PG"),'Paste here'!AX12," -NA- ")) -> -NA- | BT12: =IF(OR(AG12="ENGLISH",AG12="MBA"),"",IF(OR(G12="PRACTICAL - UG",G12="PRACTICAL - PG"),Technician!L12,""))
A13: ='Paste here'!A13 -> 0 | B13: ='Paste here'!F13 -> 0 | C13: ='Paste here'!J13 -> 0 | D13: ='Paste here'!K13 -> 0 | E13: =UPPER('Paste here'!H13) | F13: ='Paste here'!I13 -> 0 | G13: ='Paste here'!G13 -> 0 | H13: ='Paste here'!D13 -> 0 | I13: ='Paste here'!E13 -> 0 | K13: ='Paste here'!O13 -> 0 | L13: =UPPER('Paste here'!P13) | M13: ='Paste here'!S13 -> 0 | N13: ='Paste here'!R13 -> 0 | O13: ='Paste here'!T13 -> 0 | P13: =IF(VLOOKUP(O13,'Distance matrix'!B$2:C$238,2,FALSE)<36,"<35",VLOOKUP(O13,'Distance matrix'!B$2:C$238,2,FALSE)) -> #N/A | Q13: ='Paste here'!Q13 -> 0 | R13: ='Paste here'!M13 -> 0 | S13: ='Paste here'!N13 -> 0 | T13: =External!K13 -> #N/A | U13: =External!M13 -> 0 | V13: =External!L13 -> 0 | W13: =External!N13 -> #N/A | X13: ='Paste here'!U13 -> 0 | Y13: =UPPER('Paste here'!V13) | Z13: =UPPER('Paste here'!W13) | AA13: =UPPER('Paste here'!X13) | AB13: =External!O13 -> #VALUE! | AD13: ='Paste here'!Y13 -> 0 | AE13: =UPPER('Paste here'!Z13) | AF13: ='Paste here'!AC13 -> 0 | AG13: ='Paste here'!AB13 -> 0 | AH13: KRCE | AI13: ='Paste here'!AA13 -> 0 | AJ13: ='Paste here'!M13 -> 0 | AK13: ='Paste here'!N13 -> 0 | AL13: =Internal!L13 -> #N/A | AM13: ='Paste here'!AD13 -> 0 | AN13: =UPPER('Paste here'!AE13) | AO13: =UPPER('Paste here'!AF13) | AP13: =UPPER('Paste here'!AG13) | AQ13: =Internal!M13 -> #VALUE! | AS13: =IF(OR(G13="TCPL",G13="PRACTICAL - UG",G13="PRACTICAL - PG"),'Paste here'!AH13,"") | AT13: =UPPER(IF(OR(G13="TCPL",G13="PRACTICAL - UG",G13="PRACTICAL - PG"),'Paste here'!AI13," -NA- ")) -> -NA- | AU13: =IF(OR(G13="TCPL",G13="PRACTICAL - UG",G13="PRACTICAL - PG"),'Paste here'!AL13," -NA- ") -> -NA- | AV13: =IF(OR(G13="TCPL",G13="PRACTICAL - UG",G13="PRACTICAL - PG"),'Paste here'!AK13," -NA- ") -> -NA- | AW13: =IF(OR(G13="TCPL",G13="PRACTICAL - UG",G13="PRACTICAL - PG"),"KRCE"," -NA- ") -> -NA- | AX13: =IF(OR(G13="TCPL",G13="PRACTICAL - UG",G13="PRACTICAL - PG"),'Paste here'!AJ13," -NA- ") -> -NA- | AY13: =IF(OR(G13="TCPL",G13="PRACTICAL - UG",G13="PRACTICAL - PG"),'Paste here'!M13," -NA- ") -> -NA- | AZ13: =IF(OR(G13="TCPL",G13="PRACTICAL - UG",G13="PRACTICAL - PG"),'Paste here'!N13," -NA- ") -> -NA- | BA13: =IF(OR(G13="TCPL",G13="PRACTICAL - UG",G13="PRACTICAL - PG"),Skilled!K13," -NA- ") -> -NA- | BB13: =IF(OR(G13="TCPL",G13="PRACTICAL - UG",G13="PRACTICAL - PG"),'Paste here'!AM13," -NA- ") -> -NA- | BC13: =UPPER(IF(OR(G13="TCPL",G13="PRACTICAL - UG",G13="PRACTICAL - PG"),'Paste here'!AN13," -NA- ")) -> -NA- | BD13: =UPPER(IF(OR(G13="TCPL",G13="PRACTICAL - UG",G13="PRACTICAL - PG"),'Paste here'!AO13," -NA- ")) -> -NA- | BE13: =UPPER(IF(OR(G13="TCPL",G13="PRACTICAL - UG",G13="PRACTICAL - PG"),'Paste here'!AP13," -NA- ")) -> -NA- | BF13: =IF(OR(G13="TCPL",G13="PRACTICAL - UG",G13="PRACTICAL - PG"),Skilled!L13,"") | BH13: =IF(OR(AG13="ENGLISH",AG13="MBA"),"",IF(OR(G13="PRACTICAL - UG",G13="PRACTICAL - PG"),'Paste here'!AQ13,"")) | BI13: =UPPER(IF(OR(G13="PRACTICAL - UG",G13="PRACTICAL - PG"),'Paste here'!AR13," -NA- ")) -> -NA- | BJ13: =IF(OR(G13="PRACTICAL - UG",G13="PRACTICAL - PG"),'Paste here'!AT13," -NA- ") -> -NA- | BK13: =IF(OR(AG13="ENGLISH",AG13="MBA"),"-NA-",IF(OR(G13="PRACTICAL - UG",G13="PRACTICAL - PG"),"KRCE"," -NA- ")) -> -NA- | BL13: =IF(OR(G13="PRACTICAL - UG",G13="PRACTICAL - PG"),'Paste here'!AS13," -NA- ") -> -NA- | BM13: =IF(OR(G13="PRACTICAL - UG",G13="PRACTICAL - PG"),'Paste here'!M13," -NA- ") -> -NA- | BN13: =IF(OR(G13="PRACTICAL - UG",G13="PRACTICAL - PG"),'Paste here'!N13," -NA- ") -> -NA- | BO13: =IF(OR(AG13="ENGLISH",AG13="MBA"),"",IF(OR(G13="PRACTICAL - UG",G13="PRACTICAL - PG"),Technician!J13," -NA- ")) -> -NA- | BP13: =IF(OR(G13="PRACTICAL - UG",G13="PRACTICAL - PG"),'Paste here'!AU13," -NA- ") -> -NA- | BQ13: =UPPER(IF(OR(,G13="PRACTICAL - UG",G13="PRACTICAL - PG"),'Paste here'!AV13," -NA- ")) -> -NA- | BR13: =UPPER(IF(OR(G13="PRACTICAL - UG",G13="PRACTICAL - PG"),'Paste here'!AW13," -NA- ")) -> -NA- | BS13: =UPPER(IF(OR(G13="PRACTICAL - UG",G13="PRACTICAL - PG"),'Paste here'!AX13," -NA- ")) -> -NA- | BT13: =IF(OR(AG13="ENGLISH",AG13="MBA"),"",IF(OR(G13="PRACTICAL - UG",G13="PRACTICAL - PG"),Technician!L13,""))
... A43: ='Paste here'!A43 -> L48 | B43: ='Paste here'!F43 -> 0 | C43: ='Paste here'!J43 -> 0 | D43: ='Paste here'!K43 -> 0 | E43: =UPPER('Paste here'!H43) | F43: ='Paste here'!I43 -> 0 | G43: ='Paste here'!G43 -> 0 | H43: ='Paste here'!D43 -> 0 | I43: ='Paste here'!E43 -> 0 | K43: ='Paste here'!O43 -> 0 | L43: =UPPER('Paste here'!P43) | M43: ='Paste here'!S43 -> 0 | N43: ='Paste here'!R43 -> 0 | O43: ='Paste here'!T43 -> 0 | P43: =IF(VLOOKUP(O43,'Distance matrix'!B$2:C$238,2,FALSE)<36,"<35",VLOOKUP(O43,'Distance matrix'!B$2:C$238,2,FALSE)) -> #N/A | Q43: ='Paste here'!Q43 -> 0 | R43: ='Paste here'!M43 -> 0 | S43: ='Paste here'!N43 -> 0 | T43: =External!K43 -> #N/A | U43: =External!M43 -> 0 | V43: =External!L43 -> 0 | W43: =External!N43 -> #N/A | X43: ='Paste here'!U43 -> 0 | Y43: =UPPER('Paste here'!V43) | Z43: =UPPER('Paste here'!W43) | AA43: =UPPER('Paste here'!X43) | AB43: =External!O43 -> #VALUE! | AD43: ='Paste here'!Y43 -> 0 | AE43: =UPPER('Paste here'!Z43) | AF43: ='Paste here'!AC43 -> 0 | AG43: ='Paste here'!AB43 -> 0 | AH43: KRCE | AI43: ='Paste here'!AA43 -> 0 | AJ43: ='Paste here'!M43 -> 0 | AK43: ='Paste here'!N43 -> 0 | AL43: =Internal!L43 -> #N/A | AM43: ='Paste here'!AD43 -> 0 | AN43: =UPPER('Paste here'!AE43) | AO43: =UPPER('Paste here'!AF43) | AP43: =UPPER('Paste here'!AG43) | AQ43: =Internal!M43 -> #VALUE! | AS43: =IF(OR(G43="TCPL",G43="PRACTICAL - UG",G43="PRACTICAL - PG"),'Paste here'!AH43,"") | AT43: =UPPER(IF(OR(G43="TCPL",G43="PRACTICAL - UG",G43="PRACTICAL - PG"),'Paste here'!AI43," -NA- ")) -> -NA- | AU43: =IF(OR(G43="TCPL",G43="PRACTICAL - UG",G43="PRACTICAL - PG"),'Paste here'!AL43," -NA- ") -> -NA- | AV43: =IF(OR(G43="TCPL",G43="PRACTICAL - UG",G43="PRACTICAL - PG"),'Paste here'!AK43," -NA- ") -> -NA- | AW43: =IF(OR(G43="TCPL",G43="PRACTICAL - UG",G43="PRACTICAL - PG"),"KRCE"," -NA- ") -> -NA- | AX43: =IF(OR(G43="TCPL",G43="PRACTICAL - UG",G43="PRACTICAL - PG"),'Paste here'!AJ43," -NA- ") -> -NA- | AY43: =IF(OR(G43="TCPL",G43="PRACTICAL - UG",G43="PRACTICAL - PG"),'Paste here'!M43," -NA- ") -> -NA- | AZ43: =IF(OR(G43="TCPL",G43="PRACTICAL - UG",G43="PRACTICAL - PG"),'Paste here'!N43," -NA- ") -> -NA- | BA43: =IF(OR(G43="TCPL",G43="PRACTICAL - UG",G43="PRACTICAL - PG"),Skilled!K43," -NA- ") -> -NA- | BB43: =IF(OR(G43="TCPL",G43="PRACTICAL - UG",G43="PRACTICAL - PG"),'Paste here'!AM43," -NA- ") -> -NA- | BC43: =UPPER(IF(OR(G43="TCPL",G43="PRACTICAL - UG",G43="PRACTICAL - PG"),'Paste here'!AN43," -NA- ")) -> -NA- | BD43: =UPPER(IF(OR(G43="TCPL",G43="PRACTICAL - UG",G43="PRACTICAL - PG"),'Paste here'!AO43," -NA- ")) -> -NA- | BE43: =UPPER(IF(OR(G43="TCPL",G43="PRACTICAL - UG",G43="PRACTICAL - PG"),'Paste here'!AP43," -NA- ")) -> -NA- | BF43: =IF(OR(G43="TCPL",G43="PRACTICAL - UG",G43="PRACTICAL - PG"),Skilled!L43,"") | BH43: =IF(OR(AG43="ENGLISH",AG43="MBA"),"",IF(OR(G43="PRACTICAL - UG",G43="PRACTICAL - PG"),'Paste here'!AQ43,"")) | BI43: =UPPER(IF(OR(G43="PRACTICAL - UG",G43="PRACTICAL - PG"),'Paste here'!AR43," -NA- ")) -> -NA- | BJ43: =IF(OR(G43="PRACTICAL - UG",G43="PRACTICAL - PG"),'Paste here'!AT43," -NA- ") -> -NA- | BK43: =IF(OR(AG43="ENGLISH",AG43="MBA"),"-NA-",IF(OR(G43="PRACTICAL - UG",G43="PRACTICAL - PG"),"KRCE"," -NA- ")) -> -NA- | BL43: =IF(OR(G43="PRACTICAL - UG",G43="PRACTICAL - PG"),'Paste here'!AS43," -NA- ") -> -NA- | BM43: =IF(OR(G43="PRACTICAL - UG",G43="PRACTICAL - PG"),'Paste here'!M43," -NA- ") -> -NA- | BN43: =IF(OR(G43="PRACTICAL - UG",G43="PRACTICAL - PG"),'Paste here'!N43," -NA- ") -> -NA- | BO43: =IF(OR(AG43="ENGLISH",AG43="MBA"),"",IF(OR(G43="PRACTICAL - UG",G43="PRACTICAL - PG"),Technician!J43," -NA- ")) -> -NA- | BP43: =IF(OR(G43="PRACTICAL - UG",G43="PRACTICAL - PG"),'Paste here'!AU43," -NA- ") -> -NA- | BQ43: =UPPER(IF(OR(,G43="PRACTICAL - UG",G43="PRACTICAL - PG"),'Paste here'!AV43," -NA- ")) -> -NA- | BR43: =UPPER(IF(OR(G43="PRACTICAL - UG",G43="PRACTICAL - PG"),'Paste here'!AW43," -NA- ")) -> -NA- | BS43: =UPPER(IF(OR(G43="PRACTICAL - UG",G43="PRACTICAL - PG"),'Paste here'!AX43," -NA- ")) -> -NA- | BT43: =IF(OR(AG43="ENGLISH",AG43="MBA"),"",IF(OR(G43="PRACTICAL - UG",G43="PRACTICAL - PG"),Technician!L43,""))

Sheet External
A1: Sl.No. | B1: Position held | C1: Title | D1: Name of Examiner | E1: College | F1: Sessions attended | G1: student Degree | H1: Subject Type | I1: Ext. Examiner type | J1: Examined Count | K1: Claim Amount | L1: DA | M1: TA | N1: TOTAL
A2: L1 | B2: External Examiner | C2: ='Paste here'!O2 -> Mrs. | D2: ='Paste here'!P2 -> Ranjani U | E2: ='Paste here'!T2 -> MAM SCHOOL OF ENGINEERING (8121) | F2: ='Paste here'!E2 -> Only FN | G2: ='Paste here'!F2 -> UG | H2: ='Paste here'!G2 -> TCPL | I2: ='Paste here'!L2 -> Regular Lab | J2: ='Paste here'!N2 -> 22 | K2: =IF(J2*VLOOKUP(H2,'Claim Amount'!$B$3:$J$24,2,FALSE)<VLOOKUP(H2,'Claim Amount'!$B$3:$J$24,3,FALSE),VLOOKUP(H2,'Claim Amount'!$B$3:$J$24,3,FALSE),J2*VLOOKUP(H2,'Claim Amount'!$B$3:$J$24,2,FALSE)) -> 440 | L2: =IF(I2="Regular Lab",VLOOKUP(F2,'Claim Amount'!$B$3:$J$13,2,FALSE),0) -> 250 | M2: =IF(I2="Regular Lab",IF(VLOOKUP(External!E2,'Distance matrix'!$B$1:$C$310,2,FALSE)<36,150,16*VLOOKUP(External!E2,'Distance matrix'!$B$1:$C$310,2,FALSE)),0) -> 150 | N2: =K2+L2+M2 -> 840 | O2: {=[1]!SPELLNUMBER(N2)} -> Rupees Eight Hundred Fourty Only
A3: L2 | B3: External Examiner | C3: ='Paste here'!O3 -> 0 | D3: ='Paste here'!P3 -> 0 | E3: ='Paste here'!T3 -> 0 | F3: ='Paste here'!E3 -> 0 | G3: ='Paste here'!F3 -> 0 | H3: ='Paste here'!G3 -> 0 | I3: ='Paste here'!L3 -> 0 | J3: ='Paste here'!N3 -> 0 | K3: =IF(J3*VLOOKUP(H3,'Claim Amount'!$B$3:$J$24,2,FALSE)<VLOOKUP(H3,'Claim Amount'!$B$3:$J$24,3,FALSE),VLOOKUP(H3,'Claim Amount'!$B$3:$J$24,3,FALSE),J3*VLOOKUP(H3,'Claim Amount'!$B$3:$J$24,2,FALSE)) -> #N/A | L3: =IF(I3="Regular Lab",VLOOKUP(F3,'Claim Amount'!$B$3:$J$13,2,FALSE),0) -> 0 | M3: =IF(I3="Regular Lab",IF(VLOOKUP(External!E3,'Distance matrix'!$B$1:$C$310,2,FALSE)<36,150,16*VLOOKUP(External!E3,'Distance matrix'!$B$1:$C$310,2,FALSE)),0) -> 0 | N3: =K3+L3+M3 -> #N/A | O3: {=[1]!SPELLNUMBER(N3)} -> #VALUE!
A4: L3 | B4: External Examiner | C4: ='Paste here'!O4 -> 0 | D4: ='Paste here'!P4 -> 0 | E4: ='Paste here'!T4 -> 0 | F4: ='Paste here'!E4 -> 0 | G4: ='Paste here'!F4 -> 0 | H4: ='Paste here'!G4 -> 0 | I4: ='Paste here'!L4 -> 0 | J4: ='Paste here'!N4 -> 0 | K4: =IF(J4*VLOOKUP(H4,'Claim Amount'!$B$3:$J$24,2,FALSE)<VLOOKUP(H4,'Claim Amount'!$B$3:$J$24,3,FALSE),VLOOKUP(H4,'Claim Amount'!$B$3:$J$24,3,FALSE),J4*VLOOKUP(H4,'Claim Amount'!$B$3:$J$24,2,FALSE)) -> #N/A | L4: =IF(I4="Regular Lab",VLOOKUP(F4,'Claim Amount'!$B$3:$J$13,2,FALSE),0) -> 0 | M4: =IF(I4="Regular Lab",IF(VLOOKUP(External!E4,'Distance matrix'!$B$1:$C$310,2,FALSE)<36,150,16*VLOOKUP(External!E4,'Distance matrix'!$B$1:$C$310,2,FALSE)),0) -> 0 | N4: =K4+L4+M4 -> #N/A | O4: {=[1]!SPELLNUMBER(N4)} -> #VALUE!
A5: L4 | B5: External Examiner | C5: ='Paste here'!O5 -> 0 | D5: ='Paste here'!P5 -> 0 | E5: ='Paste here'!T5 -> 0 | F5: ='Paste here'!E5 -> 0 | G5: ='Paste here'!F5 -> 0 | H5: ='Paste here'!G5 -> 0 | I5: ='Paste here'!L5 -> 0 | J5: ='Paste here'!N5 -> 0 | K5: =IF(J5*VLOOKUP(H5,'Claim Amount'!$B$3:$J$24,2,FALSE)<VLOOKUP(H5,'Claim Amount'!$B$3:$J$24,3,FALSE),VLOOKUP(H5,'Claim Amount'!$B$3:$J$24,3,FALSE),J5*VLOOKUP(H5,'Claim Amount'!$B$3:$J$24,2,FALSE)) -> #N/A | L5: =IF(I5="Regular Lab",VLOOKUP(F5,'Claim Amount'!$B$3:$J$13,2,FALSE),0) -> 0 | M5: =IF(I5="Regular Lab",IF(VLOOKUP(External!E5,'Distance matrix'!$B$1:$C$310,2,FALSE)<36,150,16*VLOOKUP(External!E5,'Distance matrix'!$B$1:$C$310,2,FALSE)),0) -> 0 | N5: =K5+L5+M5 -> #N/A | O5: {=[1]!SPELLNUMBER(N5)} -> #VALUE!
A6: L5 | B6: External Examiner | C6: ='Paste here'!O6 -> 0 | D6: ='Paste here'!P6 -> 0 | E6: ='Paste here'!T6 -> 0 | F6: ='Paste here'!E6 -> 0 | G6: ='Paste here'!F6 -> 0 | H6: ='Paste here'!G6 -> 0 | I6: ='Paste here'!L6 -> 0 | J6: ='Paste here'!N6 -> 0 | K6: =IF(J6*VLOOKUP(H6,'Claim Amount'!$B$3:$J$24,2,FALSE)<VLOOKUP(H6,'Claim Amount'!$B$3:$J$24,3,FALSE),VLOOKUP(H6,'Claim Amount'!$B$3:$J$24,3,FALSE),J6*VLOOKUP(H6,'Claim Amount'!$B$3:$J$24,2,FALSE)) -> #N/A | L6: =IF(I6="Regular Lab",VLOOKUP(F6,'Claim Amount'!$B$3:$J$13,2,FALSE),0) -> 0 | M6: =IF(I6="Regular Lab",IF(VLOOKUP(External!E6,'Distance matrix'!$B$1:$C$310,2,FALSE)<36,150,16*VLOOKUP(External!E6,'Distance matrix'!$B$1:$C$310,2,FALSE)),0) -> 0 | N6: =K6+L6+M6 -> #N/A | O6: {=[1]!SPELLNUMBER(N6)} -> #VALUE!
A7: L6 | B7: External Examiner | C7: ='Paste here'!O7 -> 0 | D7: ='Paste here'!P7 -> 0 | E7: ='Paste here'!T7 -> 0 | F7: ='Paste here'!E7 -> 0 | G7: ='Paste here'!F7 -> 0 | H7: ='Paste here'!G7 -> 0 | I7: ='Paste here'!L7 -> 0 | J7: ='Paste here'!N7 -> 0 | K7: =IF(J7*VLOOKUP(H7,'Claim Amount'!$B$3:$J$24,2,FALSE)<VLOOKUP(H7,'Claim Amount'!$B$3:$J$24,3,FALSE),VLOOKUP(H7,'Claim Amount'!$B$3:$J$24,3,FALSE),J7*VLOOKUP(H7,'Claim Amount'!$B$3:$J$24,2,FALSE)) -> #N/A | L7: =IF(I7="Regular Lab",VLOOKUP(F7,'Claim Amount'!$B$3:$J$13,2,FALSE),0) -> 0 | M7: =IF(I7="Regular Lab",IF(VLOOKUP(External!E7,'Distance matrix'!$B$1:$C$310,2,FALSE)<36,150,16*VLOOKUP(External!E7,'Distance matrix'!$B$1:$C$310,2,FALSE)),0) -> 0 | N7: =K7+L7+M7 -> #N/A | O7: {=[1]!SPELLNUMBER(N7)} -> #VALUE!
A8: L7 | B8: External Examiner | C8: ='Paste here'!O8 -> 0 | D8: ='Paste here'!P8 -> 0 | E8: ='Paste here'!T8 -> 0 | F8: ='Paste here'!E8 -> 0 | G8: ='Paste here'!F8 -> 0 | H8: ='Paste here'!G8 -> 0 | I8: ='Paste here'!L8 -> 0 | J8: ='Paste here'!N8 -> 0 | K8: =IF(J8*VLOOKUP(H8,'Claim Amount'!$B$3:$J$24,2,FALSE)<VLOOKUP(H8,'Claim Amount'!$B$3:$J$24,3,FALSE),VLOOKUP(H8,'Claim Amount'!$B$3:$J$24,3,FALSE),J8*VLOOKUP(H8,'Claim Amount'!$B$3:$J$24,2,FALSE)) -> #N/A | L8: =IF(I8="Regular Lab",VLOOKUP(F8,'Claim Amount'!$B$3:$J$13,2,FALSE),0) -> 0 | M8: =IF(I8="Regular Lab",IF(VLOOKUP(External!E8,'Distance matrix'!$B$1:$C$310,2,FALSE)<36,150,16*VLOOKUP(External!E8,'Distance matrix'!$B$1:$C$310,2,FALSE)),0) -> 0 | N8: =K8+L8+M8 -> #N/A | O8: {=[1]!SPELLNUMBER(N8)} -> #VALUE!
A9: L8 | B9: External Examiner | C9: ='Paste here'!O9 -> 0 | D9: ='Paste here'!P9 -> 0 | E9: ='Paste here'!T9 -> 0 | F9: ='Paste here'!E9 -> 0 | G9: ='Paste here'!F9 -> 0 | H9: ='Paste here'!G9 -> 0 | I9: ='Paste here'!L9 -> 0 | J9: ='Paste here'!N9 -> 0 | K9: =IF(J9*VLOOKUP(H9,'Claim Amount'!$B$3:$J$24,2,FALSE)<VLOOKUP(H9,'Claim Amount'!$B$3:$J$24,3,FALSE),VLOOKUP(H9,'Claim Amount'!$B$3:$J$24,3,FALSE),J9*VLOOKUP(H9,'Claim Amount'!$B$3:$J$24,2,FALSE)) -> #N/A | L9: =IF(I9="Regular Lab",VLOOKUP(F9,'Claim Amount'!$B$3:$J$13,2,FALSE),0) -> 0 | M9: =IF(I9="Regular Lab",IF(VLOOKUP(External!E9,'Distance matrix'!$B$1:$C$310,2,FALSE)<36,150,16*VLOOKUP(External!E9,'Distance matrix'!$B$1:$C$310,2,FALSE)),0) -> 0 | N9: =K9+L9+M9 -> #N/A | O9: {=[1]!SPELLNUMBER(N9)} -> #VALUE!
A10: L9 | B10: External Examiner | C10: ='Paste here'!O10 -> 0 | D10: ='Paste here'!P10 -> 0 | E10: ='Paste here'!T10 -> 0 | F10: ='Paste here'!E10 -> 0 | G10: ='Paste here'!F10 -> 0 | H10: ='Paste here'!G10 -> 0 | I10: ='Paste here'!L10 -> 0 | J10: ='Paste here'!N10 -> 0 | K10: =IF(J10*VLOOKUP(H10,'Claim Amount'!$B$3:$J$24,2,FALSE)<VLOOKUP(H10,'Claim Amount'!$B$3:$J$24,3,FALSE),VLOOKUP(H10,'Claim Amount'!$B$3:$J$24,3,FALSE),J10*VLOOKUP(H10,'Claim Amount'!$B$3:$J$24,2,FALSE)) -> #N/A | L10: =IF(I10="Regular Lab",VLOOKUP(F10,'Claim Amount'!$B$3:$J$13,2,FALSE),0) -> 0 | M10: =IF(I10="Regular Lab",IF(VLOOKUP(External!E10,'Distance matrix'!$B$1:$C$310,2,FALSE)<36,150,16*VLOOKUP(External!E10,'Distance matrix'!$B$1:$C$310,2,FALSE)),0) -> 0 | N10: =K10+L10+M10 -> #N/A | O10: {=[1]!SPELLNUMBER(N10)} -> #VALUE!
A11: L10 | B11: External Examiner | C11: ='Paste here'!O11 -> 0 | D11: ='Paste here'!P11 -> 0 | E11: ='Paste here'!T11 -> 0 | F11: ='Paste here'!E11 -> 0 | G11: ='Paste here'!F11 -> 0 | H11: ='Paste here'!G11 -> 0 | I11: ='Paste here'!L11 -> 0 | J11: ='Paste here'!N11 -> 0 | K11: =IF(J11*VLOOKUP(H11,'Claim Amount'!$B$3:$J$24,2,FALSE)<VLOOKUP(H11,'Claim Amount'!$B$3:$J$24,3,FALSE),VLOOKUP(H11,'Claim Amount'!$B$3:$J$24,3,FALSE),J11*VLOOKUP(H11,'Claim Amount'!$B$3:$J$24,2,FALSE)) -> #N/A | L11: =IF(I11="Regular Lab",VLOOKUP(F11,'Claim Amount'!$B$3:$J$13,2,FALSE),0) -> 0 | M11: =IF(I11="Regular Lab",IF(VLOOKUP(External!E11,'Distance matrix'!$B$1:$C$310,2,FALSE)<36,150,16*VLOOKUP(External!E11,'Distance matrix'!$B$1:$C$310,2,FALSE)),0) -> 0 | N11: =K11+L11+M11 -> #N/A | O11: {=[1]!SPELLNUMBER(N11)} -> #VALUE!
A12: L11 | B12: External Examiner | C12: ='Paste here'!O12 -> 0 | D12: ='Paste here'!P12 -> 0 | E12: ='Paste here'!T12 -> 0 | F12: ='Paste here'!E12 -> 0 | G12: ='Paste here'!F12 -> 0 | H12: ='Paste here'!G12 -> 0 | I12: ='Paste here'!L12 -> 0 | J12: ='Paste here'!N12 -> 0 | K12: =IF(J12*VLOOKUP(H12,'Claim Amount'!$B$3:$J$24,2,FALSE)<VLOOKUP(H12,'Claim Amount'!$B$3:$J$24,3,FALSE),VLOOKUP(H12,'Claim Amount'!$B$3:$J$24,3,FALSE),J12*VLOOKUP(H12,'Claim Amount'!$B$3:$J$24,2,FALSE)) -> #N/A | L12: =IF(I12="Regular Lab",VLOOKUP(F12,'Claim Amount'!$B$3:$J$13,2,FALSE),0) -> 0 | M12: =IF(I12="Regular Lab",IF(VLOOKUP(External!E12,'Distance matrix'!$B$1:$C$310,2,FALSE)<36,150,16*VLOOKUP(External!E12,'Distance matrix'!$B$1:$C$310,2,FALSE)),0) -> 0 | N12: =K12+L12+M12 -> #N/A | O12: {=[1]!SPELLNUMBER(N12)} -> #VALUE!
A13: L12 | B13: External Examiner | C13: ='Paste here'!O13 -> 0 | D13: ='Paste here'!P13 -> 0 | E13: ='Paste here'!T13 -> 0 | F13: ='Paste here'!E13 -> 0 | G13: ='Paste here'!F13 -> 0 | H13: ='Paste here'!G13 -> 0 | I13: ='Paste here'!L13 -> 0 | J13: ='Paste here'!N13 -> 0 | K13: =IF(J13*VLOOKUP(H13,'Claim Amount'!$B$3:$J$24,2,FALSE)<VLOOKUP(H13,'Claim Amount'!$B$3:$J$24,3,FALSE),VLOOKUP(H13,'Claim Amount'!$B$3:$J$24,3,FALSE),J13*VLOOKUP(H13,'Claim Amount'!$B$3:$J$24,2,FALSE)) -> #N/A | L13: =IF(I13="Regular Lab",VLOOKUP(F13,'Claim Amount'!$B$3:$J$13,2,FALSE),0) -> 0 | M13: =IF(I13="Regular Lab",IF(VLOOKUP(External!E13,'Distance matrix'!$B$1:$C$310,2,FALSE)<36,150,16*VLOOKUP(External!E13,'Distance matrix'!$B$1:$C$310,2,FALSE)),0) -> 0 | N13: =K13+L13+M13 -> #N/A | O13: {=[1]!SPELLNUMBER(N13)} -> #VALUE!
... A82: L81 | B82: External Examiner | C82: ='Paste here'!O82 -> 0 | D82: ='Paste here'!P82 -> 0 | E82: ='Paste here'!T82 -> 0 | F82: ='Paste here'!E82 -> 0 | G82: ='Paste here'!F82 -> 0 | H82: ='Paste here'!G82 -> 0 | I82: ='Paste here'!L82 -> 0 | J82: ='Paste here'!N82 -> 0 | K82: =IF(J82*VLOOKUP(H82,'Claim Amount'!$B$3:$J$24,2,FALSE)<VLOOKUP(H82,'Claim Amount'!$B$3:$J$24,3,FALSE),VLOOKUP(H82,'Claim Amount'!$B$3:$J$24,3,FALSE),J82*VLOOKUP(H82,'Claim Amount'!$B$3:$J$24,2,FALSE)) -> #N/A | L82: =IF(I82="Regular Lab",VLOOKUP(F82,'Claim Amount'!$B$3:$J$13,2,FALSE),0) -> 0 | M82: =IF(I82="Regular Lab",IF(VLOOKUP(External!E82,'Distance matrix'!$B$1:$C$310,2,FALSE)<36,150,16*VLOOKUP(External!E82,'Distance matrix'!$B$1:$C$310,2,FALSE)),0) -> 0 | N82: =K82+L82+M82 -> #N/A | O82: {=[1]!SPELLNUMBER(N82)} -> #VALUE!

Sheet Internal
A1: Sl.No. | B1: Position held | C1: Title | D1: Name of Examiner | E1: College | F1: Sessions attended | G1: student Degree | H1: Subject Type | I1: Examined Count | J1: Claim Amount | K1: DA | L1: TOTAL | M1: Amount in words
A2: L1 | B2: Internal Examiner | C2: ='Paste here'!Y2 -> Mr. | D2: ='Paste here'!Z2 -> KASTHURI RENGAN P | E2: KRCE | F2: ='Paste here'!E2 -> Only FN | G2: ='Paste here'!F2 -> UG | H2: ='Paste here'!G2 -> TCPL | I2: ='Paste here'!N2 -> 22 | J2: =IF(I2*VLOOKUP(H2,'Claim Amount'!$B$3:$J$24,4,FALSE)<VLOOKUP(H2,'Claim Amount'!$B$3:$J$24,5,FALSE),VLOOKUP(H2,'Claim Amount'!$B$3:$J$24,5,FALSE),I2*VLOOKUP(H2,'Claim Amount'!$B$3:$J$24,4,FALSE)) -> 440 | K2: =VLOOKUP(F2,'Claim Amount'!$B$3:$J$13,4,FALSE) -> 250 | L2: =J2 -> 440 | M2: {=[1]!SPELLNUMBER(L2)} -> Rupees Four Hundred Fourty Only
A3: L2 | B3: Internal Examiner | C3: ='Paste here'!Y3 -> 0 | D3: ='Paste here'!Z3 -> 0 | E3: KRCE | F3: ='Paste here'!E3 -> 0 | G3: ='Paste here'!F3 -> 0 | H3: ='Paste here'!G3 -> 0 | I3: ='Paste here'!N3 -> 0 | J3: =IF(I3*VLOOKUP(H3,'Claim Amount'!$B$3:$J$24,4,FALSE)<VLOOKUP(H3,'Claim Amount'!$B$3:$J$24,5,FALSE),VLOOKUP(H3,'Claim Amount'!$B$3:$J$24,5,FALSE),I3*VLOOKUP(H3,'Claim Amount'!$B$3:$J$24,4,FALSE)) -> #N/A | K3: =VLOOKUP(F3,'Claim Amount'!$B$3:$J$13,4,FALSE) -> #N/A | L3: =J3 -> #N/A | M3: {=[1]!SPELLNUMBER(L3)} -> #VALUE!
A4: L3 | B4: Internal Examiner | C4: ='Paste here'!Y4 -> 0 | D4: ='Paste here'!Z4 -> 0 | E4: KRCE | F4: ='Paste here'!E4 -> 0 | G4: ='Paste here'!F4 -> 0 | H4: ='Paste here'!G4 -> 0 | I4: ='Paste here'!N4 -> 0 | J4: =IF(I4*VLOOKUP(H4,'Claim Amount'!$B$3:$J$24,4,FALSE)<VLOOKUP(H4,'Claim Amount'!$B$3:$J$24,5,FALSE),VLOOKUP(H4,'Claim Amount'!$B$3:$J$24,5,FALSE),I4*VLOOKUP(H4,'Claim Amount'!$B$3:$J$24,4,FALSE)) -> #N/A | K4: =VLOOKUP(F4,'Claim Amount'!$B$3:$J$13,4,FALSE) -> #N/A | L4: =J4 -> #N/A | M4: {=[1]!SPELLNUMBER(L4)} -> #VALUE!
A5: L4 | B5: Internal Examiner | C5: ='Paste here'!Y5 -> 0 | D5: ='Paste here'!Z5 -> 0 | E5: KRCE | F5: ='Paste here'!E5 -> 0 | G5: ='Paste here'!F5 -> 0 | H5: ='Paste here'!G5 -> 0 | I5: ='Paste here'!N5 -> 0 | J5: =IF(I5*VLOOKUP(H5,'Claim Amount'!$B$3:$J$24,4,FALSE)<VLOOKUP(H5,'Claim Amount'!$B$3:$J$24,5,FALSE),VLOOKUP(H5,'Claim Amount'!$B$3:$J$24,5,FALSE),I5*VLOOKUP(H5,'Claim Amount'!$B$3:$J$24,4,FALSE)) -> #N/A | K5: =VLOOKUP(F5,'Claim Amount'!$B$3:$J$13,4,FALSE) -> #N/A | L5: =J5 -> #N/A | M5: {=[1]!SPELLNUMBER(L5)} -> #VALUE!
A6: L5 | B6: Internal Examiner | C6: ='Paste here'!Y6 -> 0 | D6: ='Paste here'!Z6 -> 0 | E6: KRCE | F6: ='Paste here'!E6 -> 0 | G6: ='Paste here'!F6 -> 0 | H6: ='Paste here'!G6 -> 0 | I6: ='Paste here'!N6 -> 0 | J6: =IF(I6*VLOOKUP(H6,'Claim Amount'!$B$3:$J$24,4,FALSE)<VLOOKUP(H6,'Claim Amount'!$B$3:$J$24,5,FALSE),VLOOKUP(H6,'Claim Amount'!$B$3:$J$24,5,FALSE),I6*VLOOKUP(H6,'Claim Amount'!$B$3:$J$24,4,FALSE)) -> #N/A | K6: =VLOOKUP(F6,'Claim Amount'!$B$3:$J$13,4,FALSE) -> #N/A | L6: =J6 -> #N/A | M6: {=[1]!SPELLNUMBER(L6)} -> #VALUE!
A7: L6 | B7: Internal Examiner | C7: ='Paste here'!Y7 -> 0 | D7: ='Paste here'!Z7 -> 0 | E7: KRCE | F7: ='Paste here'!E7 -> 0 | G7: ='Paste here'!F7 -> 0 | H7: ='Paste here'!G7 -> 0 | I7: ='Paste here'!N7 -> 0 | J7: =IF(I7*VLOOKUP(H7,'Claim Amount'!$B$3:$J$24,4,FALSE)<VLOOKUP(H7,'Claim Amount'!$B$3:$J$24,5,FALSE),VLOOKUP(H7,'Claim Amount'!$B$3:$J$24,5,FALSE),I7*VLOOKUP(H7,'Claim Amount'!$B$3:$J$24,4,FALSE)) -> #N/A | K7: =VLOOKUP(F7,'Claim Amount'!$B$3:$J$13,4,FALSE) -> #N/A | L7: =J7 -> #N/A | M7: {=[1]!SPELLNUMBER(L7)} -> #VALUE!
A8: L7 | B8: Internal Examiner | C8: ='Paste here'!Y8 -> 0 | D8: ='Paste here'!Z8 -> 0 | E8: KRCE | F8: ='Paste here'!E8 -> 0 | G8: ='Paste here'!F8 -> 0 | H8: ='Paste here'!G8 -> 0 | I8: ='Paste here'!N8 -> 0 | J8: =IF(I8*VLOOKUP(H8,'Claim Amount'!$B$3:$J$24,4,FALSE)<VLOOKUP(H8,'Claim Amount'!$B$3:$J$24,5,FALSE),VLOOKUP(H8,'Claim Amount'!$B$3:$J$24,5,FALSE),I8*VLOOKUP(H8,'Claim Amount'!$B$3:$J$24,4,FALSE)) -> #N/A | K8: =VLOOKUP(F8,'Claim Amount'!$B$3:$J$13,4,FALSE) -> #N/A | L8: =J8 -> #N/A | M8: {=[1]!SPELLNUMBER(L8)} -> #VALUE!
A9: L8 | B9: Internal Examiner | C9: ='Paste here'!Y9 -> 0 | D9: ='Paste here'!Z9 -> 0 | E9: KRCE | F9: ='Paste here'!E9 -> 0 | G9: ='Paste here'!F9 -> 0 | H9: ='Paste here'!G9 -> 0 | I9: ='Paste here'!N9 -> 0 | J9: =IF(I9*VLOOKUP(H9,'Claim Amount'!$B$3:$J$24,4,FALSE)<VLOOKUP(H9,'Claim Amount'!$B$3:$J$24,5,FALSE),VLOOKUP(H9,'Claim Amount'!$B$3:$J$24,5,FALSE),I9*VLOOKUP(H9,'Claim Amount'!$B$3:$J$24,4,FALSE)) -> #N/A | K9: =VLOOKUP(F9,'Claim Amount'!$B$3:$J$13,4,FALSE) -> #N/A | L9: =J9 -> #N/A | M9: {=[1]!SPELLNUMBER(L9)} -> #VALUE!
A10: L9 | B10: Internal Examiner | C10: ='Paste here'!Y10 -> 0 | D10: ='Paste here'!Z10 -> 0 | E10: KRCE | F10: ='Paste here'!E10 -> 0 | G10: ='Paste here'!F10 -> 0 | H10: ='Paste here'!G10 -> 0 | I10: ='Paste here'!N10 -> 0 | J10: =IF(I10*VLOOKUP(H10,'Claim Amount'!$B$3:$J$24,4,FALSE)<VLOOKUP(H10,'Claim Amount'!$B$3:$J$24,5,FALSE),VLOOKUP(H10,'Claim Amount'!$B$3:$J$24,5,FALSE),I10*VLOOKUP(H10,'Claim Amount'!$B$3:$J$24,4,FALSE)) -> #N/A | K10: =VLOOKUP(F10,'Claim Amount'!$B$3:$J$13,4,FALSE) -> #N/A | L10: =J10 -> #N/A | M10: {=[1]!SPELLNUMBER(L10)} -> #VALUE!
A11: L10 | B11: Internal Examiner | C11: ='Paste here'!Y11 -> 0 | D11: ='Paste here'!Z11 -> 0 | E11: KRCE | F11: ='Paste here'!E11 -> 0 | G11: ='Paste here'!F11 -> 0 | H11: ='Paste here'!G11 -> 0 | I11: ='Paste here'!N11 -> 0 | J11: =IF(I11*VLOOKUP(H11,'Claim Amount'!$B$3:$J$24,4,FALSE)<VLOOKUP(H11,'Claim Amount'!$B$3:$J$24,5,FALSE),VLOOKUP(H11,'Claim Amount'!$B$3:$J$24,5,FALSE),I11*VLOOKUP(H11,'Claim Amount'!$B$3:$J$24,4,FALSE)) -> #N/A | K11: =VLOOKUP(F11,'Claim Amount'!$B$3:$J$13,4,FALSE) -> #N/A | L11: =J11 -> #N/A | M11: {=[1]!SPELLNUMBER(L11)} -> #VALUE!
A12: L11 | B12: Internal Examiner | C12: ='Paste here'!Y12 -> 0 | D12: ='Paste here'!Z12 -> 0 | E12: KRCE | F12: ='Paste here'!E12 -> 0 | G12: ='Paste here'!F12 -> 0 | H12: ='Paste here'!G12 -> 0 | I12: ='Paste here'!N12 -> 0 | J12: =IF(I12*VLOOKUP(H12,'Claim Amount'!$B$3:$J$24,4,FALSE)<VLOOKUP(H12,'Claim Amount'!$B$3:$J$24,5,FALSE),VLOOKUP(H12,'Claim Amount'!$B$3:$J$24,5,FALSE),I12*VLOOKUP(H12,'Claim Amount'!$B$3:$J$24,4,FALSE)) -> #N/A | K12: =VLOOKUP(F12,'Claim Amount'!$B$3:$J$13,4,FALSE) -> #N/A | L12: =J12 -> #N/A | M12: {=[1]!SPELLNUMBER(L12)} -> #VALUE!
A13: L12 | B13: Internal Examiner | C13: ='Paste here'!Y13 -> 0 | D13: ='Paste here'!Z13 -> 0 | E13: KRCE | F13: ='Paste here'!E13 -> 0 | G13: ='Paste here'!F13 -> 0 | H13: ='Paste here'!G13 -> 0 | I13: ='Paste here'!N13 -> 0 | J13: =IF(I13*VLOOKUP(H13,'Claim Amount'!$B$3:$J$24,4,FALSE)<VLOOKUP(H13,'Claim Amount'!$B$3:$J$24,5,FALSE),VLOOKUP(H13,'Claim Amount'!$B$3:$J$24,5,FALSE),I13*VLOOKUP(H13,'Claim Amount'!$B$3:$J$24,4,FALSE)) -> #N/A | K13: =VLOOKUP(F13,'Claim Amount'!$B$3:$J$13,4,FALSE) -> #N/A | L13: =J13 -> #N/A | M13: {=[1]!SPELLNUMBER(L13)} -> #VALUE!
... A158: L157 | B158: Internal Examiner | C158: ='Paste here'!Y158 -> 0 | D158: ='Paste here'!Z158 -> 0 | E158: KRCE | F158: ='Paste here'!E158 -> 0 | G158: ='Paste here'!F158 -> 0 | H158: ='Paste here'!G158 -> 0 | I158: ='Paste here'!N158 -> 0 | J158: =IF(I158*VLOOKUP(H158,'Claim Amount'!$B$3:$J$24,4,FALSE)<VLOOKUP(H158,'Claim Amount'!$B$3:$J$24,5,FALSE),VLOOKUP(H158,'Claim Amount'!$B$3:$J$24,5,FALSE),I158*VLOOKUP(H158,'Claim Amount'!$B$3:$J$24,4,FALSE)) -> #N/A | K158: =VLOOKUP(F158,'Claim Amount'!$B$3:$J$13,4,FALSE) -> #N/A | L158: =J158 -> #N/A | M158: {=[1]!SPELLNUMBER(L158)} -> #VALUE!

Sheet Skilled
A1: Sl.No. | B1: Position held | C1: Title | D1: Name of Examiner | E1: College | F1: Sessions attended | G1: student Degree | H1: Subject Type | I1: Registered Count | J1: Claim Amount | K1: TOTAL | L1: Amount in words
A2: L1 | B2: Skilled Assist. | C2: ='Paste here'!AH2 -> Mrs. | D2: ='Paste here'!AI2 -> Surya G | E2: KRCE | F2: ='Paste here'!E2 -> Only FN | G2: ='Paste here'!F2 -> UG | H2: ='Paste here'!G2 -> TCPL | I2: ='Paste here'!M2 -> 23 | J2: =IF(I2*VLOOKUP(H2,'Claim Amount'!$B$3:$J$24,6,FALSE)<VLOOKUP(H2,'Claim Amount'!$B$3:$J$24,7,FALSE),VLOOKUP(H2,'Claim Amount'!$B$3:$J$24,7,FALSE),I2*VLOOKUP(H2,'Claim Amount'!$B$3:$J$24,6,FALSE)) -> 230 | K2: =SUM(J2:J2) -> 230 | L2: {=IF(K2=0,"",[1]!SPELLNUMBER(K2))} -> Rupees Two Hundred Thirty Only
A3: L2 | B3: Skilled Assist. | C3: ='Paste here'!AH3 -> 0 | D3: ='Paste here'!AI3 -> 0 | E3: KRCE | F3: ='Paste here'!E3 -> 0 | G3: ='Paste here'!F3 -> 0 | H3: ='Paste here'!G3 -> 0 | I3: ='Paste here'!M3 -> 0 | J3: =IF(I3*VLOOKUP(H3,'Claim Amount'!$B$3:$J$24,6,FALSE)<VLOOKUP(H3,'Claim Amount'!$B$3:$J$24,7,FALSE),VLOOKUP(H3,'Claim Amount'!$B$3:$J$24,7,FALSE),I3*VLOOKUP(H3,'Claim Amount'!$B$3:$J$24,6,FALSE)) -> #N/A | K3: =SUM(J3:J3) -> #N/A | L3: {=IF(K3=0,"",[1]!SPELLNUMBER(K3))} -> #N/A
A4: L3 | B4: Skilled Assist. | C4: ='Paste here'!AH4 -> 0 | D4: ='Paste here'!AI4 -> 0 | E4: KRCE | F4: ='Paste here'!E4 -> 0 | G4: ='Paste here'!F4 -> 0 | H4: ='Paste here'!G4 -> 0 | I4: ='Paste here'!M4 -> 0 | J4: =IF(I4*VLOOKUP(H4,'Claim Amount'!$B$3:$J$24,6,FALSE)<VLOOKUP(H4,'Claim Amount'!$B$3:$J$24,7,FALSE),VLOOKUP(H4,'Claim Amount'!$B$3:$J$24,7,FALSE),I4*VLOOKUP(H4,'Claim Amount'!$B$3:$J$24,6,FALSE)) -> #N/A | K4: =SUM(J4:J4) -> #N/A | L4: {=IF(K4=0,"",[1]!SPELLNUMBER(K4))} -> #N/A
A5: L4 | B5: Skilled Assist. | C5: ='Paste here'!AH5 -> 0 | D5: ='Paste here'!AI5 -> 0 | E5: KRCE | F5: ='Paste here'!E5 -> 0 | G5: ='Paste here'!F5 -> 0 | H5: ='Paste here'!G5 -> 0 | I5: ='Paste here'!M5 -> 0 | J5: =IF(I5*VLOOKUP(H5,'Claim Amount'!$B$3:$J$24,6,FALSE)<VLOOKUP(H5,'Claim Amount'!$B$3:$J$24,7,FALSE),VLOOKUP(H5,'Claim Amount'!$B$3:$J$24,7,FALSE),I5*VLOOKUP(H5,'Claim Amount'!$B$3:$J$24,6,FALSE)) -> #N/A | K5: =SUM(J5:J5) -> #N/A | L5: {=IF(K5=0,"",[1]!SPELLNUMBER(K5))} -> #N/A
A6: L5 | B6: Skilled Assist. | C6: ='Paste here'!AH6 -> 0 | D6: ='Paste here'!AI6 -> 0 | E6: KRCE | F6: ='Paste here'!E6 -> 0 | G6: ='Paste here'!F6 -> 0 | H6: ='Paste here'!G6 -> 0 | I6: ='Paste here'!M6 -> 0 | J6: =IF(I6*VLOOKUP(H6,'Claim Amount'!$B$3:$J$24,6,FALSE)<VLOOKUP(H6,'Claim Amount'!$B$3:$J$24,7,FALSE),VLOOKUP(H6,'Claim Amount'!$B$3:$J$24,7,FALSE),I6*VLOOKUP(H6,'Claim Amount'!$B$3:$J$24,6,FALSE)) -> #N/A | K6: =SUM(J6:J6) -> #N/A | L6: {=IF(K6=0,"",[1]!SPELLNUMBER(K6))} -> #N/A
A7: L6 | B7: Skilled Assist. | C7: ='Paste here'!AH7 -> 0 | D7: ='Paste here'!AI7 -> 0 | E7: KRCE | F7: ='Paste here'!E7 -> 0 | G7: ='Paste here'!F7 -> 0 | H7: ='Paste here'!G7 -> 0 | I7: ='Paste here'!M7 -> 0 | J7: =IF(I7*VLOOKUP(H7,'Claim Amount'!$B$3:$J$24,6,FALSE)<VLOOKUP(H7,'Claim Amount'!$B$3:$J$24,7,FALSE),VLOOKUP(H7,'Claim Amount'!$B$3:$J$24,7,FALSE),I7*VLOOKUP(H7,'Claim Amount'!$B$3:$J$24,6,FALSE)) -> #N/A | K7: =SUM(J7:J7) -> #N/A | L7: {=IF(K7=0,"",[1]!SPELLNUMBER(K7))} -> #N/A
A8: L7 | B8: Skilled Assist. | C8: ='Paste here'!AH8 -> 0 | D8: ='Paste here'!AI8 -> 0 | E8: KRCE | F8: ='Paste here'!E8 -> 0 | G8: ='Paste here'!F8 -> 0 | H8: ='Paste here'!G8 -> 0 | I8: ='Paste here'!M8 -> 0 | J8: =IF(I8*VLOOKUP(H8,'Claim Amount'!$B$3:$J$24,6,FALSE)<VLOOKUP(H8,'Claim Amount'!$B$3:$J$24,7,FALSE),VLOOKUP(H8,'Claim Amount'!$B$3:$J$24,7,FALSE),I8*VLOOKUP(H8,'Claim Amount'!$B$3:$J$24,6,FALSE)) -> #N/A | K8: =SUM(J8:J8) -> #N/A | L8: {=IF(K8=0,"",[1]!SPELLNUMBER(K8))} -> #N/A
A9: L8 | B9: Skilled Assist. | C9: ='Paste here'!AH9 -> 0 | D9: ='Paste here'!AI9 -> 0 | E9: KRCE | F9: ='Paste here'!E9 -> 0 | G9: ='Paste here'!F9 -> 0 | H9: ='Paste here'!G9 -> 0 | I9: ='Paste here'!M9 -> 0 | J9: =IF(I9*VLOOKUP(H9,'Claim Amount'!$B$3:$J$24,6,FALSE)<VLOOKUP(H9,'Claim Amount'!$B$3:$J$24,7,FALSE),VLOOKUP(H9,'Claim Amount'!$B$3:$J$24,7,FALSE),I9*VLOOKUP(H9,'Claim Amount'!$B$3:$J$24,6,FALSE)) -> #N/A | K9: =SUM(J9:J9) -> #N/A | L9: {=IF(K9=0,"",[1]!SPELLNUMBER(K9))} -> #N/A
A10: L9 | B10: Skilled Assist. | C10: ='Paste here'!AH10 -> 0 | D10: ='Paste here'!AI10 -> 0 | E10: KRCE | F10: ='Paste here'!E10 -> 0 | G10: ='Paste here'!F10 -> 0 | H10: ='Paste here'!G10 -> 0 | I10: ='Paste here'!M10 -> 0 | J10: =IF(I10*VLOOKUP(H10,'Claim Amount'!$B$3:$J$24,6,FALSE)<VLOOKUP(H10,'Claim Amount'!$B$3:$J$24,7,FALSE),VLOOKUP(H10,'Claim Amount'!$B$3:$J$24,7,FALSE),I10*VLOOKUP(H10,'Claim Amount'!$B$3:$J$24,6,FALSE)) -> #N/A | K10: =SUM(J10:J10) -> #N/A | L10: {=IF(K10=0,"",[1]!SPELLNUMBER(K10))} -> #N/A
A11: L10 | B11: Skilled Assist. | C11: ='Paste here'!AH11 -> 0 | D11: ='Paste here'!AI11 -> 0 | E11: KRCE | F11: ='Paste here'!E11 -> 0 | G11: ='Paste here'!F11 -> 0 | H11: ='Paste here'!G11 -> 0 | I11: ='Paste here'!M11 -> 0 | J11: =IF(I11*VLOOKUP(H11,'Claim Amount'!$B$3:$J$24,6,FALSE)<VLOOKUP(H11,'Claim Amount'!$B$3:$J$24,7,FALSE),VLOOKUP(H11,'Claim Amount'!$B$3:$J$24,7,FALSE),I11*VLOOKUP(H11,'Claim Amount'!$B$3:$J$24,6,FALSE)) -> #N/A | K11: =SUM(J11:J11) -> #N/A | L11: {=IF(K11=0,"",[1]!SPELLNUMBER(K11))} -> #N/A
A12: L11 | B12: Skilled Assist. | C12: ='Paste here'!AH12 -> 0 | D12: ='Paste here'!AI12 -> 0 | E12: KRCE | F12: ='Paste here'!E12 -> 0 | G12: ='Paste here'!F12 -> 0 | H12: ='Paste here'!G12 -> 0 | I12: ='Paste here'!M12 -> 0 | J12: =IF(I12*VLOOKUP(H12,'Claim Amount'!$B$3:$J$24,6,FALSE)<VLOOKUP(H12,'Claim Amount'!$B$3:$J$24,7,FALSE),VLOOKUP(H12,'Claim Amount'!$B$3:$J$24,7,FALSE),I12*VLOOKUP(H12,'Claim Amount'!$B$3:$J$24,6,FALSE)) -> #N/A | K12: =SUM(J12:J12) -> #N/A | L12: {=IF(K12=0,"",[1]!SPELLNUMBER(K12))} -> #N/A
A13: L12 | B13: Skilled Assist. | C13: ='Paste here'!AH13 -> 0 | D13: ='Paste here'!AI13 -> 0 | E13: KRCE | F13: ='Paste here'!E13 -> 0 | G13: ='Paste here'!F13 -> 0 | H13: ='Paste here'!G13 -> 0 | I13: ='Paste here'!M13 -> 0 | J13: =IF(I13*VLOOKUP(H13,'Claim Amount'!$B$3:$J$24,6,FALSE)<VLOOKUP(H13,'Claim Amount'!$B$3:$J$24,7,FALSE),VLOOKUP(H13,'Claim Amount'!$B$3:$J$24,7,FALSE),I13*VLOOKUP(H13,'Claim Amount'!$B$3:$J$24,6,FALSE)) -> #N/A | K13: =SUM(J13:J13) -> #N/A | L13: {=IF(K13=0,"",[1]!SPELLNUMBER(K13))} -> #N/A
... A69: L68 | B69: Skilled Assist. | C69: ='Paste here'!AH69 -> 0 | D69: ='Paste here'!AI69 -> 0 | E69: KRCE | F69: ='Paste here'!E69 -> 0 | G69: ='Paste here'!F69 -> 0 | H69: ='Paste here'!G69 -> 0 | I69: ='Paste here'!M69 -> 0 | J69: =IF(I69*VLOOKUP(H69,'Claim Amount'!$B$3:$J$24,6,FALSE)<VLOOKUP(H69,'Claim Amount'!$B$3:$J$24,7,FALSE),VLOOKUP(H69,'Claim Amount'!$B$3:$J$24,7,FALSE),I69*VLOOKUP(H69,'Claim Amount'!$B$3:$J$24,6,FALSE)) -> #N/A | K69: =SUM(J69:J69) -> #N/A | L69: {=IF(K69=0,"",[1]!SPELLNUMBER(K69))} -> #N/A

Sheet Technician
A1: Sl.No. | B1: Position held | C1: Title | D1: Name of Examiner | E1: College | F1: Sessions attended | G1: student Degree | H1: Subject Type | I1: Registered Count | J1: Claim Amount | K1: TOTAL
A2: L1 | B2: Lab Technician | C2: ='Paste here'!AQ2 -> N/A | D2: ='Paste here'!AR2 -> NA | E2: KRCE | F2: ='Paste here'!E2 -> Only FN | G2: ='Paste here'!F2 -> UG | H2: ='Paste here'!G2 -> TCPL | I2: ='Paste here'!M2 -> 23 | J2: =IF(I2*VLOOKUP(H2,'Claim Amount'!$B$3:$J$24,8,FALSE)<VLOOKUP(H2,'Claim Amount'!$B$3:$J$24,9,FALSE),VLOOKUP(H2,'Claim Amount'!$B$3:$J$24,9,FALSE),I2*VLOOKUP(H2,'Claim Amount'!$B$3:$J$24,8,FALSE)) -> 0 | K2: =SUM(J2:J2) -> 0 | L2: {=IF(K2=0,"",[1]!SPELLNUMBER(K2))}
A3: L2 | B3: Lab Technician | C3: ='Paste here'!AQ3 -> 0 | D3: ='Paste here'!AR3 -> 0 | E3: KRCE | F3: ='Paste here'!E3 -> 0 | G3: ='Paste here'!F3 -> 0 | H3: ='Paste here'!G3 -> 0 | I3: ='Paste here'!M3 -> 0 | J3: =IF(I3*VLOOKUP(H3,'Claim Amount'!$B$3:$J$24,8,FALSE)<VLOOKUP(H3,'Claim Amount'!$B$3:$J$24,9,FALSE),VLOOKUP(H3,'Claim Amount'!$B$3:$J$24,9,FALSE),I3*VLOOKUP(H3,'Claim Amount'!$B$3:$J$24,8,FALSE)) -> #N/A | K3: =SUM(J3:J3) -> #N/A | L3: {=IF(K3=0,"",[1]!SPELLNUMBER(K3))} -> #N/A
A4: L3 | B4: Lab Technician | C4: ='Paste here'!AQ4 -> 0 | D4: ='Paste here'!AR4 -> 0 | E4: KRCE | F4: ='Paste here'!E4 -> 0 | G4: ='Paste here'!F4 -> 0 | H4: ='Paste here'!G4 -> 0 | I4: ='Paste here'!M4 -> 0 | J4: =IF(I4*VLOOKUP(H4,'Claim Amount'!$B$3:$J$24,8,FALSE)<VLOOKUP(H4,'Claim Amount'!$B$3:$J$24,9,FALSE),VLOOKUP(H4,'Claim Amount'!$B$3:$J$24,9,FALSE),I4*VLOOKUP(H4,'Claim Amount'!$B$3:$J$24,8,FALSE)) -> #N/A | K4: =SUM(J4:J4) -> #N/A | L4: {=IF(K4=0,"",[1]!SPELLNUMBER(K4))} -> #N/A
A5: L4 | B5: Lab Technician | C5: ='Paste here'!AQ5 -> 0 | D5: ='Paste here'!AR5 -> 0 | E5: KRCE | F5: ='Paste here'!E5 -> 0 | G5: ='Paste here'!F5 -> 0 | H5: ='Paste here'!G5 -> 0 | I5: ='Paste here'!M5 -> 0 | J5: =IF(I5*VLOOKUP(H5,'Claim Amount'!$B$3:$J$24,8,FALSE)<VLOOKUP(H5,'Claim Amount'!$B$3:$J$24,9,FALSE),VLOOKUP(H5,'Claim Amount'!$B$3:$J$24,9,FALSE),I5*VLOOKUP(H5,'Claim Amount'!$B$3:$J$24,8,FALSE)) -> #N/A | K5: =SUM(J5:J5) -> #N/A | L5: {=IF(K5=0,"",[1]!SPELLNUMBER(K5))} -> #N/A
A6: L5 | B6: Lab Technician | C6: ='Paste here'!AQ6 -> 0 | D6: ='Paste here'!AR6 -> 0 | E6: KRCE | F6: ='Paste here'!E6 -> 0 | G6: ='Paste here'!F6 -> 0 | H6: ='Paste here'!G6 -> 0 | I6: ='Paste here'!M6 -> 0 | J6: =IF(I6*VLOOKUP(H6,'Claim Amount'!$B$3:$J$24,8,FALSE)<VLOOKUP(H6,'Claim Amount'!$B$3:$J$24,9,FALSE),VLOOKUP(H6,'Claim Amount'!$B$3:$J$24,9,FALSE),I6*VLOOKUP(H6,'Claim Amount'!$B$3:$J$24,8,FALSE)) -> #N/A | K6: =SUM(J6:J6) -> #N/A | L6: {=IF(K6=0,"",[1]!SPELLNUMBER(K6))} -> #N/A
A7: L6 | B7: Lab Technician | C7: ='Paste here'!AQ7 -> 0 | D7: ='Paste here'!AR7 -> 0 | E7: KRCE | F7: ='Paste here'!E7 -> 0 | G7: ='Paste here'!F7 -> 0 | H7: ='Paste here'!G7 -> 0 | I7: ='Paste here'!M7 -> 0 | J7: =IF(I7*VLOOKUP(H7,'Claim Amount'!$B$3:$J$24,8,FALSE)<VLOOKUP(H7,'Claim Amount'!$B$3:$J$24,9,FALSE),VLOOKUP(H7,'Claim Amount'!$B$3:$J$24,9,FALSE),I7*VLOOKUP(H7,'Claim Amount'!$B$3:$J$24,8,FALSE)) -> #N/A | K7: =SUM(J7:J7) -> #N/A | L7: {=IF(K7=0,"",[1]!SPELLNUMBER(K7))} -> #N/A
A8: L7 | B8: Lab Technician | C8: ='Paste here'!AQ8 -> 0 | D8: ='Paste here'!AR8 -> 0 | E8: KRCE | F8: ='Paste here'!E8 -> 0 | G8: ='Paste here'!F8 -> 0 | H8: ='Paste here'!G8 -> 0 | I8: ='Paste here'!M8 -> 0 | J8: =IF(I8*VLOOKUP(H8,'Claim Amount'!$B$3:$J$24,8,FALSE)<VLOOKUP(H8,'Claim Amount'!$B$3:$J$24,9,FALSE),VLOOKUP(H8,'Claim Amount'!$B$3:$J$24,9,FALSE),I8*VLOOKUP(H8,'Claim Amount'!$B$3:$J$24,8,FALSE)) -> #N/A | K8: =SUM(J8:J8) -> #N/A | L8: {=IF(K8=0,"",[1]!SPELLNUMBER(K8))} -> #N/A
A9: L8 | B9: Lab Technician | C9: ='Paste here'!AQ9 -> 0 | D9: ='Paste here'!AR9 -> 0 | E9: KRCE | F9: ='Paste here'!E9 -> 0 | G9: ='Paste here'!F9 -> 0 | H9: ='Paste here'!G9 -> 0 | I9: ='Paste here'!M9 -> 0 | J9: =IF(I9*VLOOKUP(H9,'Claim Amount'!$B$3:$J$24,8,FALSE)<VLOOKUP(H9,'Claim Amount'!$B$3:$J$24,9,FALSE),VLOOKUP(H9,'Claim Amount'!$B$3:$J$24,9,FALSE),I9*VLOOKUP(H9,'Claim Amount'!$B$3:$J$24,8,FALSE)) -> #N/A | K9: =SUM(J9:J9) -> #N/A | L9: {=IF(K9=0,"",[1]!SPELLNUMBER(K9))} -> #N/A
A10: L9 | B10: Lab Technician | C10: ='Paste here'!AQ10 -> 0 | D10: ='Paste here'!AR10 -> 0 | E10: KRCE | F10: ='Paste here'!E10 -> 0 | G10: ='Paste here'!F10 -> 0 | H10: ='Paste here'!G10 -> 0 | I10: ='Paste here'!M10 -> 0 | J10: =IF(I10*VLOOKUP(H10,'Claim Amount'!$B$3:$J$24,8,FALSE)<VLOOKUP(H10,'Claim Amount'!$B$3:$J$24,9,FALSE),VLOOKUP(H10,'Claim Amount'!$B$3:$J$24,9,FALSE),I10*VLOOKUP(H10,'Claim Amount'!$B$3:$J$24,8,FALSE)) -> #N/A | K10: =SUM(J10:J10) -> #N/A | L10: {=IF(K10=0,"",[1]!SPELLNUMBER(K10))} -> #N/A
A11: L10 | B11: Lab Technician | C11: ='Paste here'!AQ11 -> 0 | D11: ='Paste here'!AR11 -> 0 | E11: KRCE | F11: ='Paste here'!E11 -> 0 | G11: ='Paste here'!F11 -> 0 | H11: ='Paste here'!G11 -> 0 | I11: ='Paste here'!M11 -> 0 | J11: =IF(I11*VLOOKUP(H11,'Claim Amount'!$B$3:$J$24,8,FALSE)<VLOOKUP(H11,'Claim Amount'!$B$3:$J$24,9,FALSE),VLOOKUP(H11,'Claim Amount'!$B$3:$J$24,9,FALSE),I11*VLOOKUP(H11,'Claim Amount'!$B$3:$J$24,8,FALSE)) -> #N/A | K11: =SUM(J11:J11) -> #N/A | L11: {=IF(K11=0,"",[1]!SPELLNUMBER(K11))} -> #N/A
A12: L11 | B12: Lab Technician | C12: ='Paste here'!AQ12 -> 0 | D12: ='Paste here'!AR12 -> 0 | E12: KRCE | F12: ='Paste here'!E12 -> 0 | G12: ='Paste here'!F12 -> 0 | H12: ='Paste here'!G12 -> 0 | I12: ='Paste here'!M12 -> 0 | J12: =IF(I12*VLOOKUP(H12,'Claim Amount'!$B$3:$J$24,8,FALSE)<VLOOKUP(H12,'Claim Amount'!$B$3:$J$24,9,FALSE),VLOOKUP(H12,'Claim Amount'!$B$3:$J$24,9,FALSE),I12*VLOOKUP(H12,'Claim Amount'!$B$3:$J$24,8,FALSE)) -> #N/A | K12: =SUM(J12:J12) -> #N/A | L12: {=IF(K12=0,"",[1]!SPELLNUMBER(K12))} -> #N/A
A13: L12 | B13: Lab Technician | C13: ='Paste here'!AQ13 -> 0 | D13: ='Paste here'!AR13 -> 0 | E13: KRCE | F13: ='Paste here'!E13 -> 0 | G13: ='Paste here'!F13 -> 0 | H13: ='Paste here'!G13 -> 0 | I13: ='Paste here'!M13 -> 0 | J13: =IF(I13*VLOOKUP(H13,'Claim Amount'!$B$3:$J$24,8,FALSE)<VLOOKUP(H13,'Claim Amount'!$B$3:$J$24,9,FALSE),VLOOKUP(H13,'Claim Amount'!$B$3:$J$24,9,FALSE),I13*VLOOKUP(H13,'Claim Amount'!$B$3:$J$24,8,FALSE)) -> #N/A | K13: =SUM(J13:J13) -> #N/A | L13: {=IF(K13=0,"",[1]!SPELLNUMBER(K13))} -> #N/A
... A113: L112 | B113: Lab Technician | C113: ='Paste here'!AQ113 -> 0 | D113: ='Paste here'!AR113 -> 0 | E113: KRCE | F113: ='Paste here'!E113 -> 0 | G113: ='Paste here'!F113 -> 0 | H113: ='Paste here'!G113 -> 0 | I113: ='Paste here'!M113 -> 0 | J113: =IF(I113*VLOOKUP(H113,'Claim Amount'!$B$3:$J$24,8,FALSE)<VLOOKUP(H113,'Claim Amount'!$B$3:$J$24,9,FALSE),VLOOKUP(H113,'Claim Amount'!$B$3:$J$24,9,FALSE),I113*VLOOKUP(H113,'Claim Amount'!$B$3:$J$24,8,FALSE)) -> #N/A | K113: =SUM(J113:J113) -> #N/A | L113: {=IF(K113=0,"",[1]!SPELLNUMBER(K113))} -> #N/A

Sheet Distance matrix
A1: Sl.N | B1: COLLEGE | C1: DISTANCE
A2: 1 | B2: ALAGAPPA CHETTIAR GOVT COLLEGE OF ENGINEERING & TECH (9176) | C2: 106
A3: 2 | B3: ANJALAI AMMAL MAHALINGAM ENGINEERING COLLEGE (8204) | C3: 93
A4: 3 | B4: ANNA UNIVERSITY,MADURAI () | C4: 155
A5: 4 | B5: ANNAI MATHAMMAL SHEELA ENGINEERING COLLEGE (6202) | C5: 65
A6: 5 | B6: ANNAMALAI UNIVERSITY, CHIDAMBARAM | C6: 141
A7: 6 | B7: ANNAPOORNA ENGINEERING COLLEGE (6102) | C7: 149
A8: 7 | B8: ARASU ENGINEERING COLLEGE (8206) | C8: 115
A9: 8 | B9: BANNARI AMMAN INSTITUTE OF TECHNOLOGY (7376) | C9: 198
A10: 9 | B10: BANNARI AMMAN INSTITUTE OF TECHNOLOGY (7376) | C10: 198
A11: 10 | B11: BULIDERS ENGINEERING COLLEGE (7303) | C11: 151
A12: 11 | B12: CARE COLLEGE OF ENGINEERING (8107) | C12: 30
A13: 12 | B13: COIMBATORE INSTITUTE OF TECHNOLOGY,COIMBATORE (7176) | C13: 220
... A113: 112 | B113: VIVEKANANDHA COLLEGE OF TECHNOLOGY FOR WOMEN (6130) | C113: 117

Sheet Claim Amount
B1: Column Index -----> | C1: 2 | D1: 3 | E1: 4 | F1: 5 | G1: 6 | H1: 7 | I1: 8 | J1: 9
A2: S. No. | B2: Subject Type | C2: External Examiner | E2: Internal Examiner | G2: Skilled Assist | I2: Technician
C3: Claim Amount per student (Rs.) | D3: Min. Amount (Rs.) | E3: Claim Amount per student (Rs.) | F3: Min. Amount (Rs.) | G3: Claim Amount per student (Rs.) | H3: Min. Amount (Rs.) | I3: Claim Amount per student (Rs.) | J3: Min. Amount (Rs.)
A4: 1 | B4: Practical - UG | C4: 25 | D4: 150 | E4: 25 | F4: 150 | G4: 12 | H4: 100 | I4: 6 | J4: 50
A5: 2 | B5: Practical - PG | C5: 30 | D5: 150 | E5: 30 | F5: 150 | G5: 12 | H5: 100 | I5: 6 | J5: 50
A6: 3 | B6: TCPL | C6: 20 | D6: 100 | E6: 20 | F6: 100 | G6: 10 | H6: 100 | I6: 0 | J6: 0
A7: 4 | B7: TCPR | C7: 20 | D7: 100 | E7: 20 | F7: 100 | G7: 0 | H7: 0 | I7: 0 | J7: 0
A8: 5 | B8: Project / Mini Project / PRBL | C8: 25 | D8: 150 | E8: 25 | F8: 150 | G8: 0 | H8: 0 | I8: 0 | J8: 0
A9: 6 | B9: Project - PG | C9: 250 | D9: 0 | E9: 75 | F9: 0 | G9: 0 | H9: 0 | I9: 0 | J9: 0
A10: 7 | B10: Project - PG MBA | C10: 200 | D10: 0 | E10: 75 | F10: 0 | G10: 0 | H10: 0 | I10: 0 | J10: 0
A11: 8 | B11: Both FN and AN | C11: 300 | D11: 0 | E11: 300 | F11: 0 | G11: 0 | H11: 0 | I11: 0 | J11: 0
A12: 9 | B12: Only FN | C12: 250 | D12: 0 | E12: 250 | F12: 0 | G12: 0 | H12: 0 | I12: 0 | J12: 0
A13: 10 | B13: Only AN | C13: 250 | D13: 0 | E13: 250 | F13: 0 | G13: 0 | H13: 0 | I13: 0 | J13: 0

Sheet Abst-Ext.
A1: S.NO | B1: EXAM DATE | C1: POSSITION | D1: NAME OF THE EXAMINER | F1: DEPARTMENT | G1: SUBJECT CODE | H1: NO OF CAND. REG. | I1: NO OF CAND. EXAMINED | J1: COLLEGE CODE & NAME | K1: ACCOUNT NO. | L1: BANK NAME | M1: IFSC CODE | N1: REMUNERATION | O1: TA | P1: DA | Q1: TOTAL AMOUNT | R1: BRANCH
A2: 1 | B2: ='Mail merge'!H2 -> 06.06.2026 | C2: External Examiner | D2: ='Mail merge'!K2 -> Mrs. | E2: ='Mail merge'!L2 -> RANJANI U | F2: ='Mail merge'!N2 -> AIDS | G2: ='Mail merge'!E2 -> GEA1107 | H2: ='Mail merge'!R2 -> 23 | I2: ='Mail merge'!S2 -> 22 | J2: ='Mail merge'!O2 -> MAM SCHOOL OF ENGINEERING (8121) | K2: ='Mail merge'!X2 -> 6658000400036837 | L2: ='Mail merge'!Y2 -> PUNJAB NATIONAL BANK | M2: ='Mail merge'!Z2 -> PUNB0665800 | N2: ='Mail merge'!T2 -> 440 | O2: ='Mail merge'!U2 -> 150 | P2: ='Mail merge'!V2 -> 250 | Q2: ='Mail merge'!W2 -> 840 | R2: ='Mail merge'!AA2 -> SIRUGANUR
A3: 2 | B3: ='Mail merge'!H3 -> 0 | C3: External Examiner | D3: ='Mail merge'!K3 -> 0 | E3: ='Mail merge'!L3 | F3: ='Mail merge'!N3 -> 0 | G3: ='Mail merge'!E3 | H3: ='Mail merge'!R3 -> 0 | I3: ='Mail merge'!S3 -> 0 | J3: ='Mail merge'!O3 -> 0 | K3: ='Mail merge'!X3 -> 0 | L3: ='Mail merge'!Y3 | M3: ='Mail merge'!Z3 | N3: ='Mail merge'!T3 -> #N/A | O3: ='Mail merge'!U3 -> 0 | P3: ='Mail merge'!V3 -> 0 | Q3: ='Mail merge'!W3 -> #N/A | R3: ='Mail merge'!AA3
A4: 3 | B4: ='Mail merge'!H4 -> 0 | C4: External Examiner | D4: ='Mail merge'!K4 -> 0 | E4: ='Mail merge'!L4 | F4: ='Mail merge'!N4 -> 0 | G4: ='Mail merge'!E4 | H4: ='Mail merge'!R4 -> 0 | I4: ='Mail merge'!S4 -> 0 | J4: ='Mail merge'!O4 -> 0 | K4: ='Mail merge'!X4 -> 0 | L4: ='Mail merge'!Y4 | M4: ='Mail merge'!Z4 | N4: ='Mail merge'!T4 -> #N/A | O4: ='Mail merge'!U4 -> 0 | P4: ='Mail merge'!V4 -> 0 | Q4: ='Mail merge'!W4 -> #N/A | R4: ='Mail merge'!AA4
A5: 4 | B5: ='Mail merge'!H5 -> 0 | C5: External Examiner | D5: ='Mail merge'!K5 -> 0 | E5: ='Mail merge'!L5 | F5: ='Mail merge'!N5 -> 0 | G5: ='Mail merge'!E5 | H5: ='Mail merge'!R5 -> 0 | I5: ='Mail merge'!S5 -> 0 | J5: ='Mail merge'!O5 -> 0 | K5: ='Mail merge'!X5 -> 0 | L5: ='Mail merge'!Y5 | M5: ='Mail merge'!Z5 | N5: ='Mail merge'!T5 -> #N/A | O5: ='Mail merge'!U5 -> 0 | P5: ='Mail merge'!V5 -> 0 | Q5: ='Mail merge'!W5 -> #N/A | R5: ='Mail merge'!AA5
A6: 5 | B6: ='Mail merge'!H6 -> 0 | C6: External Examiner | D6: ='Mail merge'!K6 -> 0 | E6: ='Mail merge'!L6 | F6: ='Mail merge'!N6 -> 0 | G6: ='Mail merge'!E6 | H6: ='Mail merge'!R6 -> 0 | I6: ='Mail merge'!S6 -> 0 | J6: ='Mail merge'!O6 -> 0 | K6: ='Mail merge'!X6 -> 0 | L6: ='Mail merge'!Y6 | M6: ='Mail merge'!Z6 | N6: ='Mail merge'!T6 -> #N/A | O6: ='Mail merge'!U6 -> 0 | P6: ='Mail merge'!V6 -> 0 | Q6: ='Mail merge'!W6 -> #N/A | R6: ='Mail merge'!AA6
A7: 6 | B7: ='Mail merge'!H7 -> 0 | C7: External Examiner | D7: ='Mail merge'!K7 -> 0 | E7: ='Mail merge'!L7 | F7: ='Mail merge'!N7 -> 0 | G7: ='Mail merge'!E7 | H7: ='Mail merge'!R7 -> 0 | I7: ='Mail merge'!S7 -> 0 | J7: ='Mail merge'!O7 -> 0 | K7: ='Mail merge'!X7 -> 0 | L7: ='Mail merge'!Y7 | M7: ='Mail merge'!Z7 | N7: ='Mail merge'!T7 -> #N/A | O7: ='Mail merge'!U7 -> 0 | P7: ='Mail merge'!V7 -> 0 | Q7: ='Mail merge'!W7 -> #N/A | R7: ='Mail merge'!AA7
A8: 7 | B8: ='Mail merge'!H8 -> 0 | C8: External Examiner | D8: ='Mail merge'!K8 -> 0 | E8: ='Mail merge'!L8 | F8: ='Mail merge'!N8 -> 0 | G8: ='Mail merge'!E8 | H8: ='Mail merge'!R8 -> 0 | I8: ='Mail merge'!S8 -> 0 | J8: ='Mail merge'!O8 -> 0 | K8: ='Mail merge'!X8 -> 0 | L8: ='Mail merge'!Y8 | M8: ='Mail merge'!Z8 | N8: ='Mail merge'!T8 -> #N/A | O8: ='Mail merge'!U8 -> 0 | P8: ='Mail merge'!V8 -> 0 | Q8: ='Mail merge'!W8 -> #N/A | R8: ='Mail merge'!AA8
A9: 8 | B9: ='Mail merge'!H9 -> 0 | C9: External Examiner | D9: ='Mail merge'!K9 -> 0 | E9: ='Mail merge'!L9 | F9: ='Mail merge'!N9 -> 0 | G9: ='Mail merge'!E9 | H9: ='Mail merge'!R9 -> 0 | I9: ='Mail merge'!S9 -> 0 | J9: ='Mail merge'!O9 -> 0 | K9: ='Mail merge'!X9 -> 0 | L9: ='Mail merge'!Y9 | M9: ='Mail merge'!Z9 | N9: ='Mail merge'!T9 -> #N/A | O9: ='Mail merge'!U9 -> 0 | P9: ='Mail merge'!V9 -> 0 | Q9: ='Mail merge'!W9 -> #N/A | R9: ='Mail merge'!AA9
A10: 9 | B10: ='Mail merge'!H10 -> 0 | C10: External Examiner | D10: ='Mail merge'!K10 -> 0 | E10: ='Mail merge'!L10 | F10: ='Mail merge'!N10 -> 0 | G10: ='Mail merge'!E10 | H10: ='Mail merge'!R10 -> 0 | I10: ='Mail merge'!S10 -> 0 | J10: ='Mail merge'!O10 -> 0 | K10: ='Mail merge'!X10 -> 0 | L10: ='Mail merge'!Y10 | M10: ='Mail merge'!Z10 | N10: ='Mail merge'!T10 -> #N/A | O10: ='Mail merge'!U10 -> 0 | P10: ='Mail merge'!V10 -> 0 | Q10: ='Mail merge'!W10 -> #N/A | R10: ='Mail merge'!AA10
A11: 10 | B11: ='Mail merge'!H11 -> 0 | C11: External Examiner | D11: ='Mail merge'!K11 -> 0 | E11: ='Mail merge'!L11 | F11: ='Mail merge'!N11 -> 0 | G11: ='Mail merge'!E11 | H11: ='Mail merge'!R11 -> 0 | I11: ='Mail merge'!S11 -> 0 | J11: ='Mail merge'!O11 -> 0 | K11: ='Mail merge'!X11 -> 0 | L11: ='Mail merge'!Y11 | M11: ='Mail merge'!Z11 | N11: ='Mail merge'!T11 -> #N/A | O11: ='Mail merge'!U11 -> 0 | P11: ='Mail merge'!V11 -> 0 | Q11: ='Mail merge'!W11 -> #N/A | R11: ='Mail merge'!AA11
A12: 11 | B12: ='Mail merge'!H12 -> 0 | C12: External Examiner | D12: ='Mail merge'!K12 -> 0 | E12: ='Mail merge'!L12 | F12: ='Mail merge'!N12 -> 0 | G12: ='Mail merge'!E12 | H12: ='Mail merge'!R12 -> 0 | I12: ='Mail merge'!S12 -> 0 | J12: ='Mail merge'!O12 -> 0 | K12: ='Mail merge'!X12 -> 0 | L12: ='Mail merge'!Y12 | M12: ='Mail merge'!Z12 | N12: ='Mail merge'!T12 -> #N/A | O12: ='Mail merge'!U12 -> 0 | P12: ='Mail merge'!V12 -> 0 | Q12: ='Mail merge'!W12 -> #N/A | R12: ='Mail merge'!AA12
A13: 12 | B13: ='Mail merge'!H13 -> 0 | C13: External Examiner | D13: ='Mail merge'!K13 -> 0 | E13: ='Mail merge'!L13 | F13: ='Mail merge'!N13 -> 0 | G13: ='Mail merge'!E13 | H13: ='Mail merge'!R13 -> 0 | I13: ='Mail merge'!S13 -> 0 | J13: ='Mail merge'!O13 -> 0 | K13: ='Mail merge'!X13 -> 0 | L13: ='Mail merge'!Y13 | M13: ='Mail merge'!Z13 | N13: ='Mail merge'!T13 -> #N/A | O13: ='Mail merge'!U13 -> 0 | P13: ='Mail merge'!V13 -> 0 | Q13: ='Mail merge'!W13 -> #N/A | R13: ='Mail merge'!AA13
... A36: 35 | B36: ='Mail merge'!H36 -> 0 | C36: External Examiner | D36: ='Mail merge'!K36 -> 0 | E36: ='Mail merge'!L36 | F36: ='Mail merge'!N36 -> 0 | G36: ='Mail merge'!E36 | H36: ='Mail merge'!R36 -> 0 | I36: ='Mail merge'!S36 -> 0 | J36: ='Mail merge'!O36 -> 0 | K36: ='Mail merge'!X36 -> 0 | L36: ='Mail merge'!Y36 | M36: ='Mail merge'!Z36 | N36: ='Mail merge'!T36 -> #N/A | O36: ='Mail merge'!U36 -> 0 | P36: ='Mail merge'!V36 -> 0 | Q36: ='Mail merge'!W36 -> #N/A | R36: ='Mail merge'!AA36
R37: ='Mail merge'!AA37
R38: ='Mail merge'!AA38
R39: ='Mail merge'!AA39
R40: ='Mail merge'!AA40
R41: ='Mail merge'!AA41
R42: ='Mail merge'!AA42
R43: ='Mail merge'!AA43
R44: ='Mail merge'!AA44 -> 0
R45: ='Mail merge'!AA45 -> 0
R46: ='Mail merge'!AA46 -> 0
R47: ='Mail merge'!AA47 -> 0
R48: ='Mail merge'!AA48 -> 0
... R54: ='Mail merge'!AA54 -> 0

Sheet Abst-Int.
A1: S.NO | B1: EXAM DATE | C1: POSSITION | D1: NAME OF THE EXAMINER | F1: DEPARTMENT | G1: SUBJECT CODE | H1: NO OF CAND. REG. | I1: NO OF CAND. EXAMINED | J1: COLLEGE CODE & NAME | K1: ACCOUNT NO. | L1: BANK NAME | M1: IFSC CODE | N1: REMUNERATION | O1: TA | P1: DA | Q1: TOTAL AMOUNT | R1: BRANCH
A2: 1 | B2: ='Mail merge'!H2 -> 06.06.2026 | C2: Internal Examiner | D2: ='Mail merge'!AD2 -> Mr. | E2: ='Mail merge'!AE2 -> KASTHURI RENGAN P | F2: ='Mail merge'!AG2 -> CSE | G2: ='Mail merge'!E2 -> GEA1107 | H2: ='Mail merge'!R2 -> 23 | I2: ='Mail merge'!S2 -> 22 | J2: ='Mail merge'!AH2 -> KRCE | K2: ='Mail merge'!AM2 -> 913010015846824 | L2: ='Mail merge'!AN2 -> AXIS BANK | M2: ='Mail merge'!AO2 -> UTIB0001746 | N2: ='Mail merge'!AL2 -> 440 | O2: 0 | P2: 0 | Q2: =N2+O2+P2 -> 440 | R2: ='Mail merge'!AP2 -> KOTTUR
A3: 2 | B3: ='Mail merge'!H3 -> 0 | C3: Internal Examiner | D3: ='Mail merge'!AD3 -> 0 | E3: ='Mail merge'!AE3 | F3: ='Mail merge'!AG3 -> 0 | G3: ='Mail merge'!E3 | H3: ='Mail merge'!R3 -> 0 | I3: ='Mail merge'!S3 -> 0 | J3: ='Mail merge'!AH3 -> KRCE | K3: ='Mail merge'!AM3 -> 0 | L3: ='Mail merge'!AN3 | M3: ='Mail merge'!AO3 | N3: ='Mail merge'!AL3 -> #N/A | O3: 0 | P3: 0 | Q3: =N3+O3+P3 -> #N/A | R3: ='Mail merge'!AP3
A4: 3 | B4: ='Mail merge'!H4 -> 0 | C4: Internal Examiner | D4: ='Mail merge'!AD4 -> 0 | E4: ='Mail merge'!AE4 | F4: ='Mail merge'!AG4 -> 0 | G4: ='Mail merge'!E4 | H4: ='Mail merge'!R4 -> 0 | I4: ='Mail merge'!S4 -> 0 | J4: ='Mail merge'!AH4 -> KRCE | K4: ='Mail merge'!AM4 -> 0 | L4: ='Mail merge'!AN4 | M4: ='Mail merge'!AO4 | N4: ='Mail merge'!AL4 -> #N/A | O4: 0 | P4: 0 | Q4: =N4+O4+P4 -> #N/A | R4: ='Mail merge'!AP4
A5: 4 | B5: ='Mail merge'!H5 -> 0 | C5: Internal Examiner | D5: ='Mail merge'!AD5 -> 0 | E5: ='Mail merge'!AE5 | F5: ='Mail merge'!AG5 -> 0 | G5: ='Mail merge'!E5 | H5: ='Mail merge'!R5 -> 0 | I5: ='Mail merge'!S5 -> 0 | J5: ='Mail merge'!AH5 -> KRCE | K5: ='Mail merge'!AM5 -> 0 | L5: ='Mail merge'!AN5 | M5: ='Mail merge'!AO5 | N5: ='Mail merge'!AL5 -> #N/A | O5: 0 | P5: 0 | Q5: =N5+O5+P5 -> #N/A | R5: ='Mail merge'!AP5
A6: 5 | B6: ='Mail merge'!H6 -> 0 | C6: Internal Examiner | D6: ='Mail merge'!AD6 -> 0 | E6: ='Mail merge'!AE6 | F6: ='Mail merge'!AG6 -> 0 | G6: ='Mail merge'!E6 | H6: ='Mail merge'!R6 -> 0 | I6: ='Mail merge'!S6 -> 0 | J6: ='Mail merge'!AH6 -> KRCE | K6: ='Mail merge'!AM6 -> 0 | L6: ='Mail merge'!AN6 | M6: ='Mail merge'!AO6 | N6: ='Mail merge'!AL6 -> #N/A | O6: 0 | P6: 0 | Q6: =N6+O6+P6 -> #N/A | R6: ='Mail merge'!AP6
A7: 6 | B7: ='Mail merge'!H7 -> 0 | C7: Internal Examiner | D7: ='Mail merge'!AD7 -> 0 | E7: ='Mail merge'!AE7 | F7: ='Mail merge'!AG7 -> 0 | G7: ='Mail merge'!E7 | H7: ='Mail merge'!R7 -> 0 | I7: ='Mail merge'!S7 -> 0 | J7: ='Mail merge'!AH7 -> KRCE | K7: ='Mail merge'!AM7 -> 0 | L7: ='Mail merge'!AN7 | M7: ='Mail merge'!AO7 | N7: ='Mail merge'!AL7 -> #N/A | O7: 0 | P7: 0 | Q7: =N7+O7+P7 -> #N/A | R7: ='Mail merge'!AP7
A8: 7 | B8: ='Mail merge'!H8 -> 0 | C8: Internal Examiner | D8: ='Mail merge'!AD8 -> 0 | E8: ='Mail merge'!AE8 | F8: ='Mail merge'!AG8 -> 0 | G8: ='Mail merge'!E8 | H8: ='Mail merge'!R8 -> 0 | I8: ='Mail merge'!S8 -> 0 | J8: ='Mail merge'!AH8 -> KRCE | K8: ='Mail merge'!AM8 -> 0 | L8: ='Mail merge'!AN8 | M8: ='Mail merge'!AO8 | N8: ='Mail merge'!AL8 -> #N/A | O8: 0 | P8: 0 | Q8: =N8+O8+P8 -> #N/A | R8: ='Mail merge'!AP8
A9: 8 | B9: ='Mail merge'!H9 -> 0 | C9: Internal Examiner | D9: ='Mail merge'!AD9 -> 0 | E9: ='Mail merge'!AE9 | F9: ='Mail merge'!AG9 -> 0 | G9: ='Mail merge'!E9 | H9: ='Mail merge'!R9 -> 0 | I9: ='Mail merge'!S9 -> 0 | J9: ='Mail merge'!AH9 -> KRCE | K9: ='Mail merge'!AM9 -> 0 | L9: ='Mail merge'!AN9 | M9: ='Mail merge'!AO9 | N9: ='Mail merge'!AL9 -> #N/A | O9: 0 | P9: 0 | Q9: =N9+O9+P9 -> #N/A | R9: ='Mail merge'!AP9
A10: 9 | B10: ='Mail merge'!H10 -> 0 | C10: Internal Examiner | D10: ='Mail merge'!AD10 -> 0 | E10: ='Mail merge'!AE10 | F10: ='Mail merge'!AG10 -> 0 | G10: ='Mail merge'!E10 | H10: ='Mail merge'!R10 -> 0 | I10: ='Mail merge'!S10 -> 0 | J10: ='Mail merge'!AH10 -> KRCE | K10: ='Mail merge'!AM10 -> 0 | L10: ='Mail merge'!AN10 | M10: ='Mail merge'!AO10 | N10: ='Mail merge'!AL10 -> #N/A | O10: 0 | P10: 0 | Q10: =N10+O10+P10 -> #N/A | R10: ='Mail merge'!AP10
A11: 10 | B11: ='Mail merge'!H11 -> 0 | C11: Internal Examiner | D11: ='Mail merge'!AD11 -> 0 | E11: ='Mail merge'!AE11 | F11: ='Mail merge'!AG11 -> 0 | G11: ='Mail merge'!E11 | H11: ='Mail merge'!R11 -> 0 | I11: ='Mail merge'!S11 -> 0 | J11: ='Mail merge'!AH11 -> KRCE | K11: ='Mail merge'!AM11 -> 0 | L11: ='Mail merge'!AN11 | M11: ='Mail merge'!AO11 | N11: ='Mail merge'!AL11 -> #N/A | O11: 0 | P11: 0 | Q11: =N11+O11+P11 -> #N/A | R11: ='Mail merge'!AP11
A12: 11 | B12: ='Mail merge'!H12 -> 0 | C12: Internal Examiner | D12: ='Mail merge'!AD12 -> 0 | E12: ='Mail merge'!AE12 | F12: ='Mail merge'!AG12 -> 0 | G12: ='Mail merge'!E12 | H12: ='Mail merge'!R12 -> 0 | I12: ='Mail merge'!S12 -> 0 | J12: ='Mail merge'!AH12 -> KRCE | K12: ='Mail merge'!AM12 -> 0 | L12: ='Mail merge'!AN12 | M12: ='Mail merge'!AO12 | N12: ='Mail merge'!AL12 -> #N/A | O12: 0 | P12: 0 | Q12: =N12+O12+P12 -> #N/A | R12: ='Mail merge'!AP12
A13: 12 | B13: ='Mail merge'!H13 -> 0 | C13: Internal Examiner | D13: ='Mail merge'!AD13 -> 0 | E13: ='Mail merge'!AE13 | F13: ='Mail merge'!AG13 -> 0 | G13: ='Mail merge'!E13 | H13: ='Mail merge'!R13 -> 0 | I13: ='Mail merge'!S13 -> 0 | J13: ='Mail merge'!AH13 -> KRCE | K13: ='Mail merge'!AM13 -> 0 | L13: ='Mail merge'!AN13 | M13: ='Mail merge'!AO13 | N13: ='Mail merge'!AL13 -> #N/A | O13: 0 | P13: 0 | Q13: =N13+O13+P13 -> #N/A | R13: ='Mail merge'!AP13
... A41: 40 | B41: ='Mail merge'!H41 -> 0 | C41: Internal Examiner | D41: ='Mail merge'!AD41 -> 0 | E41: ='Mail merge'!AE41 | F41: ='Mail merge'!AG41 -> 0 | G41: ='Mail merge'!E41 | H41: ='Mail merge'!R41 -> 0 | I41: ='Mail merge'!S41 -> 0 | J41: ='Mail merge'!AH41 -> KRCE | K41: ='Mail merge'!AM41 -> 0 | L41: ='Mail merge'!AN41 | M41: ='Mail merge'!AO41 | N41: ='Mail merge'!AL41 -> #N/A | O41: 0 | P41: 0 | Q41: =N41+O41+P41 -> #N/A | R41: ='Mail merge'!AP41

Sheet Abst-skilled
A1: S.NO | B1: EXAM DATE | C1: POSSITION | D1: NAME OF THE EXAMINER | F1: DEPARTMENT | G1: SUBJECT CODE | H1: NO OF CAND. REG. | I1: NO OF CAND. EXAMINED | J1: COLLEGE CODE & NAME | K1: ACCOUNT NO. | L1: BANK NAME | M1: IFSC CODE | N1: REMUNERATION | O1: TA | P1: DA | Q1: TOTAL AMOUNT | R1: BRANCH
A2: 1 | B2: ='Mail merge'!H2 -> 06.06.2026 | C2: Skilled Assist. | D2: ='Mail merge'!AS2 -> Mrs. | E2: ='Mail merge'!AT2 -> SURYA G | F2: ='Mail merge'!AV2 -> CSE | G2: ='Mail merge'!E2 -> GEA1107 | H2: ='Mail merge'!R2 -> 23 | I2: ='Mail merge'!S2 -> 22 | J2: ='Mail merge'!AW2 -> KRCE | K2: ='Mail merge'!BB2 -> 609301501667 | L2: ='Mail merge'!BC2 -> ICICI BANK | M2: ='Mail merge'!BD2 -> ICIC0006093 | N2: ='Mail merge'!BA2 -> 230 | O2: 0 | P2: 0 | Q2: =N2+O2+P2 -> 230 | R2: ='Mail merge'!BE2 -> JAWAHAR STREET NACHANDUPATTI
A3: 2 | B3: ='Mail merge'!H3 -> 0 | C3: Skilled Assist. | D3: ='Mail merge'!AS3 | E3: ='Mail merge'!AT3 -> -NA- | F3: ='Mail merge'!AV3 -> -NA- | G3: ='Mail merge'!E3 | H3: ='Mail merge'!R3 -> 0 | I3: ='Mail merge'!S3 -> 0 | J3: ='Mail merge'!AW3 -> -NA- | K3: ='Mail merge'!BB3 -> -NA- | L3: ='Mail merge'!BC3 -> -NA- | M3: ='Mail merge'!BD3 -> -NA- | N3: ='Mail merge'!BA3 -> -NA- | O3: 0 | P3: 0 | Q3: =N3+O3+P3 -> #VALUE! | R3: ='Mail merge'!BE3 -> -NA-
A4: 3 | B4: ='Mail merge'!H4 -> 0 | C4: Skilled Assist. | D4: ='Mail merge'!AS4 | E4: ='Mail merge'!AT4 -> -NA- | F4: ='Mail merge'!AV4 -> -NA- | G4: ='Mail merge'!E4 | H4: ='Mail merge'!R4 -> 0 | I4: ='Mail merge'!S4 -> 0 | J4: ='Mail merge'!AW4 -> -NA- | K4: ='Mail merge'!BB4 -> -NA- | L4: ='Mail merge'!BC4 -> -NA- | M4: ='Mail merge'!BD4 -> -NA- | N4: ='Mail merge'!BA4 -> -NA- | O4: 0 | P4: 0 | Q4: =N4+O4+P4 -> #VALUE! | R4: ='Mail merge'!BE4 -> -NA-
A5: 4 | B5: ='Mail merge'!H5 -> 0 | C5: Skilled Assist. | D5: ='Mail merge'!AS5 | E5: ='Mail merge'!AT5 -> -NA- | F5: ='Mail merge'!AV5 -> -NA- | G5: ='Mail merge'!E5 | H5: ='Mail merge'!R5 -> 0 | I5: ='Mail merge'!S5 -> 0 | J5: ='Mail merge'!AW5 -> -NA- | K5: ='Mail merge'!BB5 -> -NA- | L5: ='Mail merge'!BC5 -> -NA- | M5: ='Mail merge'!BD5 -> -NA- | N5: ='Mail merge'!BA5 -> -NA- | O5: 0 | P5: 0 | Q5: =N5+O5+P5 -> #VALUE! | R5: ='Mail merge'!BE5 -> -NA-
A6: 5 | B6: ='Mail merge'!H6 -> 0 | C6: Skilled Assist. | D6: ='Mail merge'!AS6 | E6: ='Mail merge'!AT6 -> -NA- | F6: ='Mail merge'!AV6 -> -NA- | G6: ='Mail merge'!E6 | H6: ='Mail merge'!R6 -> 0 | I6: ='Mail merge'!S6 -> 0 | J6: ='Mail merge'!AW6 -> -NA- | K6: ='Mail merge'!BB6 -> -NA- | L6: ='Mail merge'!BC6 -> -NA- | M6: ='Mail merge'!BD6 -> -NA- | N6: ='Mail merge'!BA6 -> -NA- | O6: 0 | P6: 0 | Q6: =N6+O6+P6 -> #VALUE! | R6: ='Mail merge'!BE6 -> -NA-
A7: 6 | B7: ='Mail merge'!H7 -> 0 | C7: Skilled Assist. | D7: ='Mail merge'!AS7 | E7: ='Mail merge'!AT7 -> -NA- | F7: ='Mail merge'!AV7 -> -NA- | G7: ='Mail merge'!E7 | H7: ='Mail merge'!R7 -> 0 | I7: ='Mail merge'!S7 -> 0 | J7: ='Mail merge'!AW7 -> -NA- | K7: ='Mail merge'!BB7 -> -NA- | L7: ='Mail merge'!BC7 -> -NA- | M7: ='Mail merge'!BD7 -> -NA- | N7: ='Mail merge'!BA7 -> -NA- | O7: 0 | P7: 0 | Q7: =N7+O7+P7 -> #VALUE! | R7: ='Mail merge'!BE7 -> -NA-
A8: 7 | B8: ='Mail merge'!H8 -> 0 | C8: Skilled Assist. | D8: ='Mail merge'!AS8 | E8: ='Mail merge'!AT8 -> -NA- | F8: ='Mail merge'!AV8 -> -NA- | G8: ='Mail merge'!E8 | H8: ='Mail merge'!R8 -> 0 | I8: ='Mail merge'!S8 -> 0 | J8: ='Mail merge'!AW8 -> -NA- | K8: ='Mail merge'!BB8 -> -NA- | L8: ='Mail merge'!BC8 -> -NA- | M8: ='Mail merge'!BD8 -> -NA- | N8: ='Mail merge'!BA8 -> -NA- | O8: 0 | P8: 0 | Q8: =N8+O8+P8 -> #VALUE! | R8: ='Mail merge'!BE8 -> -NA-
A9: 8 | B9: ='Mail merge'!H9 -> 0 | C9: Skilled Assist. | D9: ='Mail merge'!AS9 | E9: ='Mail merge'!AT9 -> -NA- | F9: ='Mail merge'!AV9 -> -NA- | G9: ='Mail merge'!E9 | H9: ='Mail merge'!R9 -> 0 | I9: ='Mail merge'!S9 -> 0 | J9: ='Mail merge'!AW9 -> -NA- | K9: ='Mail merge'!BB9 -> -NA- | L9: ='Mail merge'!BC9 -> -NA- | M9: ='Mail merge'!BD9 -> -NA- | N9: ='Mail merge'!BA9 -> -NA- | O9: 0 | P9: 0 | Q9: =N9+O9+P9 -> #VALUE! | R9: ='Mail merge'!BE9 -> -NA-
A10: 9 | B10: ='Mail merge'!H10 -> 0 | C10: Skilled Assist. | D10: ='Mail merge'!AS10 | E10: ='Mail merge'!AT10 -> -NA- | F10: ='Mail merge'!AV10 -> -NA- | G10: ='Mail merge'!E10 | H10: ='Mail merge'!R10 -> 0 | I10: ='Mail merge'!S10 -> 0 | J10: ='Mail merge'!AW10 -> -NA- | K10: ='Mail merge'!BB10 -> -NA- | L10: ='Mail merge'!BC10 -> -NA- | M10: ='Mail merge'!BD10 -> -NA- | N10: ='Mail merge'!BA10 -> -NA- | O10: 0 | P10: 0 | Q10: =N10+O10+P10 -> #VALUE! | R10: ='Mail merge'!BE10 -> -NA-
A11: 10 | B11: ='Mail merge'!H11 -> 0 | C11: Skilled Assist. | D11: ='Mail merge'!AS11 | E11: ='Mail merge'!AT11 -> -NA- | F11: ='Mail merge'!AV11 -> -NA- | G11: ='Mail merge'!E11 | H11: ='Mail merge'!R11 -> 0 | I11: ='Mail merge'!S11 -> 0 | J11: ='Mail merge'!AW11 -> -NA- | K11: ='Mail merge'!BB11 -> -NA- | L11: ='Mail merge'!BC11 -> -NA- | M11: ='Mail merge'!BD11 -> -NA- | N11: ='Mail merge'!BA11 -> -NA- | O11: 0 | P11: 0 | Q11: =N11+O11+P11 -> #VALUE! | R11: ='Mail merge'!BE11 -> -NA-
A12: 11 | B12: ='Mail merge'!H12 -> 0 | C12: Skilled Assist. | D12: ='Mail merge'!AS12 | E12: ='Mail merge'!AT12 -> -NA- | F12: ='Mail merge'!AV12 -> -NA- | G12: ='Mail merge'!E12 | H12: ='Mail merge'!R12 -> 0 | I12: ='Mail merge'!S12 -> 0 | J12: ='Mail merge'!AW12 -> -NA- | K12: ='Mail merge'!BB12 -> -NA- | L12: ='Mail merge'!BC12 -> -NA- | M12: ='Mail merge'!BD12 -> -NA- | N12: ='Mail merge'!BA12 -> -NA- | O12: 0 | P12: 0 | Q12: =N12+O12+P12 -> #VALUE! | R12: ='Mail merge'!BE12 -> -NA-
A13: 12 | B13: ='Mail merge'!H13 -> 0 | C13: Skilled Assist. | D13: ='Mail merge'!AS13 | E13: ='Mail merge'!AT13 -> -NA- | F13: ='Mail merge'!AV13 -> -NA- | G13: ='Mail merge'!E13 | H13: ='Mail merge'!R13 -> 0 | I13: ='Mail merge'!S13 -> 0 | J13: ='Mail merge'!AW13 -> -NA- | K13: ='Mail merge'!BB13 -> -NA- | L13: ='Mail merge'!BC13 -> -NA- | M13: ='Mail merge'!BD13 -> -NA- | N13: ='Mail merge'!BA13 -> -NA- | O13: 0 | P13: 0 | Q13: =N13+O13+P13 -> #VALUE! | R13: ='Mail merge'!BE13 -> -NA-
... A57: 56 | B57: ='Mail merge'!H57 -> 0 | C57: Skilled Assist. | D57: ='Mail merge'!AS57 -> 0 | E57: ='Mail merge'!AT57 -> 0 | F57: ='Mail merge'!AV57 -> 0 | G57: ='Mail merge'!E57 -> 0 | H57: ='Mail merge'!R57 -> 0 | I57: ='Mail merge'!S57 -> 0 | J57: ='Mail merge'!AW57 -> 0 | K57: ='Mail merge'!BB57 -> 0 | L57: ='Mail merge'!BC57 -> 0 | M57: ='Mail merge'!BD57 -> 0 | N57: ='Mail merge'!BA57 -> 0 | O57: 0 | P57: 0 | Q57: =N57+O57+P57 -> 0 | R57: ='Mail merge'!BE57 -> 0
L58: ='Mail merge'!BC58 -> 0 | R58: ='Mail merge'!BE58 -> 0
L59: ='Mail merge'!BC59 -> 0 | R59: ='Mail merge'!BE59 -> 0
L60: ='Mail merge'!BC60 -> 0 | R60: ='Mail merge'!BE60 -> 0
L61: ='Mail merge'!BC61 -> 0 | R61: ='Mail merge'!BE61 -> 0
L62: ='Mail merge'!BC62 -> 0 | R62: ='Mail merge'!BE62 -> 0
L63: ='Mail merge'!BC63 -> 0 | R63: ='Mail merge'!BE63 -> 0
L64: ='Mail merge'!BC64 -> 0 | R64: ='Mail merge'!BE64 -> 0
L65: ='Mail merge'!BC65 -> 0 | R65: ='Mail merge'!BE65 -> 0
L66: ='Mail merge'!BC66 -> 0 | R66: ='Mail merge'!BE66 -> 0
L67: ='Mail merge'!BC67 -> 0 | R67: ='Mail merge'!BE67 -> 0
L68: ='Mail merge'!BC68 -> 0 | R68: ='Mail merge'!BE68 -> 0
L69: ='Mail merge'!BC69 -> 0 | R69: ='Mail merge'!BE69 -> 0
... L76: ='Mail merge'!BC76 -> 0 | R76: ='Mail merge'!BE76 -> 0

Sheet Abst-Tech.
A1: S.NO | B1: EXAM DATE | C1: POSSITION | D1: NAME OF THE EXAMINER | F1: DEPARTMENT | G1: SUBJECT CODE | H1: NO OF CAND. REG. | I1: NO OF CAND. EXAMINED | J1: COLLEGE CODE & NAME | K1: ACCOUNT NO. | L1: BANK NAME | M1: IFSC CODE | N1: REMUNERATION | O1: TA | P1: DA | Q1: TOTAL AMOUNT | R1: BRANCH
A2: 1 | B2: ='Mail merge'!H2 -> 06.06.2026 | C2: Lab Technician | D2: ='Mail merge'!BH2 | E2: ='Mail merge'!BI2 -> -NA- | F2: ='Mail merge'!BJ2 -> -NA- | G2: ='Mail merge'!E2 -> GEA1107 | H2: ='Mail merge'!R2 -> 23 | I2: ='Mail merge'!S2 -> 22 | J2: ='Mail merge'!BK2 -> -NA- | K2: ='Mail merge'!BP2 -> -NA- | L2: ='Mail merge'!BQ2 -> -NA- | M2: ='Mail merge'!BR2 -> -NA- | N2: ='Mail merge'!BO2 -> -NA- | O2: 0 | P2: 0 | Q2: =N2+O2+P2 -> #VALUE! | R2: ='Mail merge'!BS2 -> -NA-
A3: 2 | B3: ='Mail merge'!H3 -> 0 | C3: Lab Technician | D3: ='Mail merge'!BH3 | E3: ='Mail merge'!BI3 -> -NA- | F3: ='Mail merge'!BJ3 -> -NA- | G3: ='Mail merge'!E3 | H3: ='Mail merge'!R3 -> 0 | I3: ='Mail merge'!S3 -> 0 | J3: ='Mail merge'!BK3 -> -NA- | K3: ='Mail merge'!BP3 -> -NA- | L3: ='Mail merge'!BQ3 -> -NA- | M3: ='Mail merge'!BR3 -> -NA- | N3: ='Mail merge'!BO3 -> -NA- | O3: 0 | P3: 0 | Q3: =N3+O3+P3 -> #VALUE! | R3: ='Mail merge'!BS3 -> -NA-
A4: 3 | B4: ='Mail merge'!H4 -> 0 | C4: Lab Technician | D4: ='Mail merge'!BH4 | E4: ='Mail merge'!BI4 -> -NA- | F4: ='Mail merge'!BJ4 -> -NA- | G4: ='Mail merge'!E4 | H4: ='Mail merge'!R4 -> 0 | I4: ='Mail merge'!S4 -> 0 | J4: ='Mail merge'!BK4 -> -NA- | K4: ='Mail merge'!BP4 -> -NA- | L4: ='Mail merge'!BQ4 -> -NA- | M4: ='Mail merge'!BR4 -> -NA- | N4: ='Mail merge'!BO4 -> -NA- | O4: 0 | P4: 0 | Q4: =N4+O4+P4 -> #VALUE! | R4: ='Mail merge'!BS4 -> -NA-
A5: 4 | B5: ='Mail merge'!H5 -> 0 | C5: Lab Technician | D5: ='Mail merge'!BH5 | E5: ='Mail merge'!BI5 -> -NA- | F5: ='Mail merge'!BJ5 -> -NA- | G5: ='Mail merge'!E5 | H5: ='Mail merge'!R5 -> 0 | I5: ='Mail merge'!S5 -> 0 | J5: ='Mail merge'!BK5 -> -NA- | K5: ='Mail merge'!BP5 -> -NA- | L5: ='Mail merge'!BQ5 -> -NA- | M5: ='Mail merge'!BR5 -> -NA- | N5: ='Mail merge'!BO5 -> -NA- | O5: 0 | P5: 0 | Q5: =N5+O5+P5 -> #VALUE! | R5: ='Mail merge'!BS5 -> -NA-
A6: 5 | B6: ='Mail merge'!H6 -> 0 | C6: Lab Technician | D6: ='Mail merge'!BH6 | E6: ='Mail merge'!BI6 -> -NA- | F6: ='Mail merge'!BJ6 -> -NA- | G6: ='Mail merge'!E6 | H6: ='Mail merge'!R6 -> 0 | I6: ='Mail merge'!S6 -> 0 | J6: ='Mail merge'!BK6 -> -NA- | K6: ='Mail merge'!BP6 -> -NA- | L6: ='Mail merge'!BQ6 -> -NA- | M6: ='Mail merge'!BR6 -> -NA- | N6: ='Mail merge'!BO6 -> -NA- | O6: 0 | P6: 0 | Q6: =N6+O6+P6 -> #VALUE! | R6: ='Mail merge'!BS6 -> -NA-
A7: 6 | B7: ='Mail merge'!H7 -> 0 | C7: Lab Technician | D7: ='Mail merge'!BH7 | E7: ='Mail merge'!BI7 -> -NA- | F7: ='Mail merge'!BJ7 -> -NA- | G7: ='Mail merge'!E7 | H7: ='Mail merge'!R7 -> 0 | I7: ='Mail merge'!S7 -> 0 | J7: ='Mail merge'!BK7 -> -NA- | K7: ='Mail merge'!BP7 -> -NA- | L7: ='Mail merge'!BQ7 -> -NA- | M7: ='Mail merge'!BR7 -> -NA- | N7: ='Mail merge'!BO7 -> -NA- | O7: 0 | P7: 0 | Q7: =N7+O7+P7 -> #VALUE! | R7: ='Mail merge'!BS7 -> -NA-
A8: 7 | B8: ='Mail merge'!H8 -> 0 | C8: Lab Technician | D8: ='Mail merge'!BH8 | E8: ='Mail merge'!BI8 -> -NA- | F8: ='Mail merge'!BJ8 -> -NA- | G8: ='Mail merge'!E8 | H8: ='Mail merge'!R8 -> 0 | I8: ='Mail merge'!S8 -> 0 | J8: ='Mail merge'!BK8 -> -NA- | K8: ='Mail merge'!BP8 -> -NA- | L8: ='Mail merge'!BQ8 -> -NA- | M8: ='Mail merge'!BR8 -> -NA- | N8: ='Mail merge'!BO8 -> -NA- | O8: 0 | P8: 0 | Q8: =N8+O8+P8 -> #VALUE! | R8: ='Mail merge'!BS8 -> -NA-
A9: 8 | B9: ='Mail merge'!H9 -> 0 | C9: Lab Technician | D9: ='Mail merge'!BH9 | E9: ='Mail merge'!BI9 -> -NA- | F9: ='Mail merge'!BJ9 -> -NA- | G9: ='Mail merge'!E9 | H9: ='Mail merge'!R9 -> 0 | I9: ='Mail merge'!S9 -> 0 | J9: ='Mail merge'!BK9 -> -NA- | K9: ='Mail merge'!BP9 -> -NA- | L9: ='Mail merge'!BQ9 -> -NA- | M9: ='Mail merge'!BR9 -> -NA- | N9: ='Mail merge'!BO9 -> -NA- | O9: 0 | P9: 0 | Q9: =N9+O9+P9 -> #VALUE! | R9: ='Mail merge'!BS9 -> -NA-
A10: 9 | B10: ='Mail merge'!H10 -> 0 | C10: Lab Technician | D10: ='Mail merge'!BH10 | E10: ='Mail merge'!BI10 -> -NA- | F10: ='Mail merge'!BJ10 -> -NA- | G10: ='Mail merge'!E10 | H10: ='Mail merge'!R10 -> 0 | I10: ='Mail merge'!S10 -> 0 | J10: ='Mail merge'!BK10 -> -NA- | K10: ='Mail merge'!BP10 -> -NA- | L10: ='Mail merge'!BQ10 -> -NA- | M10: ='Mail merge'!BR10 -> -NA- | N10: ='Mail merge'!BO10 -> -NA- | O10: 0 | P10: 0 | Q10: =N10+O10+P10 -> #VALUE! | R10: ='Mail merge'!BS10 -> -NA-
A11: 10 | B11: ='Mail merge'!H11 -> 0 | C11: Lab Technician | D11: ='Mail merge'!BH11 | E11: ='Mail merge'!BI11 -> -NA- | F11: ='Mail merge'!BJ11 -> -NA- | G11: ='Mail merge'!E11 | H11: ='Mail merge'!R11 -> 0 | I11: ='Mail merge'!S11 -> 0 | J11: ='Mail merge'!BK11 -> -NA- | K11: ='Mail merge'!BP11 -> -NA- | L11: ='Mail merge'!BQ11 -> -NA- | M11: ='Mail merge'!BR11 -> -NA- | N11: ='Mail merge'!BO11 -> -NA- | O11: 0 | P11: 0 | Q11: =N11+O11+P11 -> #VALUE! | R11: ='Mail merge'!BS11 -> -NA-
A12: 11 | B12: ='Mail merge'!H12 -> 0 | C12: Lab Technician | D12: ='Mail merge'!BH12 | E12: ='Mail merge'!BI12 -> -NA- | F12: ='Mail merge'!BJ12 -> -NA- | G12: ='Mail merge'!E12 | H12: ='Mail merge'!R12 -> 0 | I12: ='Mail merge'!S12 -> 0 | J12: ='Mail merge'!BK12 -> -NA- | K12: ='Mail merge'!BP12 -> -NA- | L12: ='Mail merge'!BQ12 -> -NA- | M12: ='Mail merge'!BR12 -> -NA- | N12: ='Mail merge'!BO12 -> -NA- | O12: 0 | P12: 0 | Q12: =N12+O12+P12 -> #VALUE! | R12: ='Mail merge'!BS12 -> -NA-
A13: 12 | B13: ='Mail merge'!H13 -> 0 | C13: Lab Technician | D13: ='Mail merge'!BH13 | E13: ='Mail merge'!BI13 -> -NA- | F13: ='Mail merge'!BJ13 -> -NA- | G13: ='Mail merge'!E13 | H13: ='Mail merge'!R13 -> 0 | I13: ='Mail merge'!S13 -> 0 | J13: ='Mail merge'!BK13 -> -NA- | K13: ='Mail merge'!BP13 -> -NA- | L13: ='Mail merge'!BQ13 -> -NA- | M13: ='Mail merge'!BR13 -> -NA- | N13: ='Mail merge'!BO13 -> -NA- | O13: 0 | P13: 0 | Q13: =N13+O13+P13 -> #VALUE! | R13: ='Mail merge'!BS13 -> -NA-
... A37: 36 | B37: ='Mail merge'!H37 -> 0 | C37: Lab Technician | D37: ='Mail merge'!BH37 | E37: ='Mail merge'!BI37 -> -NA- | F37: ='Mail merge'!BJ37 -> -NA- | G37: ='Mail merge'!E37 | H37: ='Mail merge'!R37 -> 0 | I37: ='Mail merge'!S37 -> 0 | J37: ='Mail merge'!BK37 -> -NA- | K37: ='Mail merge'!BP37 -> -NA- | L37: ='Mail merge'!BQ37 -> -NA- | M37: ='Mail merge'!BR37 -> -NA- | N37: ='Mail merge'!BO37 -> -NA- | O37: 0 | P37: 0 | Q37: =N37+O37+P37 -> #VALUE! | R37: ='Mail merge'!BS37 -> -NA-

Sheet Abstract1
A1: Office of the Controller of Examinations K.Ramakrishnan College of Engineering (AUTONOMOUS)
A2: END SEMESTER PRACTICAL LAB
A3: APRIL / MAY - 2026
A4: S.NO | B4: EXAM DATE | C4: POSSITION | E4: NAME OF THE EXAMINER | F4: DEPARTMENT | G4: SUBJECT CODE | H4: NO OF CAND. REG. | I4: NO OF CAND. EXAMINED | J4: COLLEGE CODE & NAME | K4: ACCOUNT NO. | L4: BANK NAME | M4: IFSC CODE | N4: REMUNERATION | O4: TA | P4: DA | Q4: TOTAL AMOUNT | R4: BRANCH
A5: 1 | B5: 06.06.2026 | C5: External Examiner | D5: Mrs. | E5: RANJANI U | F5: AIDS | G5: GEA1107 | H5: 23 | I5: 22 | J5: MAM SCHOOL OF ENGINEERING (8121) | K5: 6658000400036837 | L5: PUNJAB NATIONAL BANK | M5: PUNB0665800 | N5: 440 | O5: 150 | P5: 250 | Q5: 840 | R5: SIRUGANUR
A6: 2 | B6: 06.06.2026 | C6: Internal Examiner | D6: Mr. | E6: KASTHURI RENGAN P | F6: CSE | G6: GEA1107 | H6: 23 | I6: 22 | J6: KRCE | K6: 913010015846824 | L6: AXIS BANK | M6: UTIB0001746 | N6: 440 | O6: 0 | P6: 0 | Q6: 440 | R6: KOTTUR
A7: 3 | B7: 06.06.2026 | C7: Skilled Assist. | D7: Mrs. | E7: SURYA G | F7: CSE | G7: GEA1107 | H7: 23 | I7: 22 | J7: KRCE | K7: 609301501667 | L7: ICICI BANK | M7: ICIC0006093 | N7: 230 | O7: 0 | P7: 0 | Q7: 230 | R7: JAWAHAR STREET NACHANDUPATTI
A103: GRAND TOTAL | Q103: =SUM(Q67:Q102) -> 0
A106: DEPUTY COE | J106: CoE | M106: PRINCIPAL

Sheet Abstract2
A1: Office of the Controller of Examinations K.Ramakrishnan College of Engineering (AUTONOMOUS)
A2: END SEMESTER PRACTICAL LAB
A3: APRIL / MAY - 2026
A4: S.NO | B4: EXAMINER NAME | C4: AMOUNT | D4: BANK NAME | E4: BRANCH | F4: IFSC CODE | G4: ACCOUNT NUMBER
A5: 1 | B5: =_xlfn.CONCAT(VLOOKUP(A5,Abstract1!A$4:R$102,4,FALSE),"",VLOOKUP(A5,Abstract1!A$4:R$102,5,FALSE)) -> Mrs.RANJANI U | C5: =VLOOKUP(A5,Abstract1!A$4:R$102,17,FALSE) -> 840 | D5: =VLOOKUP(A5,Abstract1!A$4:R$102,12,FALSE) -> PUNJAB NATIONAL BANK | E5: =VLOOKUP(A5,Abstract1!A$4:R$102,18,FALSE) -> SIRUGANUR | F5: =VLOOKUP(A5,Abstract1!A$4:R$102,13,FALSE) -> PUNB0665800 | G5: =VLOOKUP(A5,Abstract1!A$4:R$102,11,FALSE) -> 6658000400036837
A6: 2 | B6: =_xlfn.CONCAT(VLOOKUP(A6,Abstract1!A$4:R$102,4,FALSE),"",VLOOKUP(A6,Abstract1!A$4:R$102,5,FALSE)) -> Mr.KASTHURI RENGAN P | C6: =VLOOKUP(A6,Abstract1!A$4:R$102,17,FALSE) -> 440 | D6: =VLOOKUP(A6,Abstract1!A$4:R$102,12,FALSE) -> AXIS BANK | E6: =VLOOKUP(A6,Abstract1!A$4:R$102,18,FALSE) -> KOTTUR | F6: =VLOOKUP(A6,Abstract1!A$4:R$102,13,FALSE) -> UTIB0001746 | G6: =VLOOKUP(A6,Abstract1!A$4:R$102,11,FALSE) -> 913010015846824
A7: 3 | B7: =_xlfn.CONCAT(VLOOKUP(A7,Abstract1!A$4:R$102,4,FALSE),"",VLOOKUP(A7,Abstract1!A$4:R$102,5,FALSE)) -> Mrs.SURYA G | C7: =VLOOKUP(A7,Abstract1!A$4:R$102,17,FALSE) -> 230 | D7: =VLOOKUP(A7,Abstract1!A$4:R$102,12,FALSE) -> ICICI BANK | E7: =VLOOKUP(A7,Abstract1!A$4:R$102,18,FALSE) -> JAWAHAR STREET NACHANDUPATTI | F7: =VLOOKUP(A7,Abstract1!A$4:R$102,13,FALSE) -> ICIC0006093 | G7: =VLOOKUP(A7,Abstract1!A$4:R$102,11,FALSE) -> 609301501667
A8: 4 | B8: =_xlfn.CONCAT(VLOOKUP(A8,Abstract1!A$4:R$102,4,FALSE),"",VLOOKUP(A8,Abstract1!A$4:R$102,5,FALSE)) -> #N/A | C8: =VLOOKUP(A8,Abstract1!A$4:R$102,17,FALSE) -> #N/A | D8: =VLOOKUP(A8,Abstract1!A$4:R$102,12,FALSE) -> #N/A | E8: =VLOOKUP(A8,Abstract1!A$4:R$102,18,FALSE) -> #N/A | F8: =VLOOKUP(A8,Abstract1!A$4:R$102,13,FALSE) -> #N/A | G8: =VLOOKUP(A8,Abstract1!A$4:R$102,11,FALSE) -> #N/A
A9: 5 | B9: =_xlfn.CONCAT(VLOOKUP(A9,Abstract1!A$4:R$102,4,FALSE),"",VLOOKUP(A9,Abstract1!A$4:R$102,5,FALSE)) -> #N/A | C9: =VLOOKUP(A9,Abstract1!A$4:R$102,17,FALSE) -> #N/A | D9: =VLOOKUP(A9,Abstract1!A$4:R$102,12,FALSE) -> #N/A | E9: =VLOOKUP(A9,Abstract1!A$4:R$102,18,FALSE) -> #N/A | F9: =VLOOKUP(A9,Abstract1!A$4:R$102,13,FALSE) -> #N/A | G9: =VLOOKUP(A9,Abstract1!A$4:R$102,11,FALSE) -> #N/A
A10: 6 | B10: =_xlfn.CONCAT(VLOOKUP(A10,Abstract1!A$4:R$102,4,FALSE),"",VLOOKUP(A10,Abstract1!A$4:R$102,5,FALSE)) -> #N/A | C10: =VLOOKUP(A10,Abstract1!A$4:R$102,17,FALSE) -> #N/A | D10: =VLOOKUP(A10,Abstract1!A$4:R$102,12,FALSE) -> #N/A | E10: =VLOOKUP(A10,Abstract1!A$4:R$102,18,FALSE) -> #N/A | F10: =VLOOKUP(A10,Abstract1!A$4:R$102,13,FALSE) -> #N/A | G10: =VLOOKUP(A10,Abstract1!A$4:R$102,11,FALSE) -> #N/A
A11: 7 | B11: =_xlfn.CONCAT(VLOOKUP(A11,Abstract1!A$4:R$102,4,FALSE),"",VLOOKUP(A11,Abstract1!A$4:R$102,5,FALSE)) -> #N/A | C11: =VLOOKUP(A11,Abstract1!A$4:R$102,17,FALSE) -> #N/A | D11: =VLOOKUP(A11,Abstract1!A$4:R$102,12,FALSE) -> #N/A | E11: =VLOOKUP(A11,Abstract1!A$4:R$102,18,FALSE) -> #N/A | F11: =VLOOKUP(A11,Abstract1!A$4:R$102,13,FALSE) -> #N/A | G11: =VLOOKUP(A11,Abstract1!A$4:R$102,11,FALSE) -> #N/A
A12: 8 | B12: =_xlfn.CONCAT(VLOOKUP(A12,Abstract1!A$4:R$102,4,FALSE),"",VLOOKUP(A12,Abstract1!A$4:R$102,5,FALSE)) -> #N/A | C12: =VLOOKUP(A12,Abstract1!A$4:R$102,17,FALSE) -> #N/A | D12: =VLOOKUP(A12,Abstract1!A$4:R$102,12,FALSE) -> #N/A | E12: =VLOOKUP(A12,Abstract1!A$4:R$102,18,FALSE) -> #N/A | F12: =VLOOKUP(A12,Abstract1!A$4:R$102,13,FALSE) -> #N/A | G12: =VLOOKUP(A12,Abstract1!A$4:R$102,11,FALSE) -> #N/A
A13: 9 | B13: =_xlfn.CONCAT(VLOOKUP(A13,Abstract1!A$4:R$102,4,FALSE),"",VLOOKUP(A13,Abstract1!A$4:R$102,5,FALSE)) -> #N/A | C13: =VLOOKUP(A13,Abstract1!A$4:R$102,17,FALSE) -> #N/A | D13: =VLOOKUP(A13,Abstract1!A$4:R$102,12,FALSE) -> #N/A | E13: =VLOOKUP(A13,Abstract1!A$4:R$102,18,FALSE) -> #N/A | F13: =VLOOKUP(A13,Abstract1!A$4:R$102,13,FALSE) -> #N/A | G13: =VLOOKUP(A13,Abstract1!A$4:R$102,11,FALSE) -> #N/A
A14: 10 | B14: =_xlfn.CONCAT(VLOOKUP(A14,Abstract1!A$4:R$102,4,FALSE),"",VLOOKUP(A14,Abstract1!A$4:R$102,5,FALSE)) -> #N/A | C14: =VLOOKUP(A14,Abstract1!A$4:R$102,17,FALSE) -> #N/A | D14: =VLOOKUP(A14,Abstract1!A$4:R$102,12,FALSE) -> #N/A | E14: =VLOOKUP(A14,Abstract1!A$4:R$102,18,FALSE) -> #N/A | F14: =VLOOKUP(A14,Abstract1!A$4:R$102,13,FALSE) -> #N/A | G14: =VLOOKUP(A14,Abstract1!A$4:R$102,11,FALSE) -> #N/A
A15: 11 | B15: =_xlfn.CONCAT(VLOOKUP(A15,Abstract1!A$4:R$102,4,FALSE),"",VLOOKUP(A15,Abstract1!A$4:R$102,5,FALSE)) -> #N/A | C15: =VLOOKUP(A15,Abstract1!A$4:R$102,17,FALSE) -> #N/A | D15: =VLOOKUP(A15,Abstract1!A$4:R$102,12,FALSE) -> #N/A | E15: =VLOOKUP(A15,Abstract1!A$4:R$102,18,FALSE) -> #N/A | F15: =VLOOKUP(A15,Abstract1!A$4:R$102,13,FALSE) -> #N/A | G15: =VLOOKUP(A15,Abstract1!A$4:R$102,11,FALSE) -> #N/A
A16: 12 | B16: =_xlfn.CONCAT(VLOOKUP(A16,Abstract1!A$4:R$102,4,FALSE),"",VLOOKUP(A16,Abstract1!A$4:R$102,5,FALSE)) -> #N/A | C16: =VLOOKUP(A16,Abstract1!A$4:R$102,17,FALSE) -> #N/A | D16: =VLOOKUP(A16,Abstract1!A$4:R$102,12,FALSE) -> #N/A | E16: =VLOOKUP(A16,Abstract1!A$4:R$102,18,FALSE) -> #N/A | F16: =VLOOKUP(A16,Abstract1!A$4:R$102,13,FALSE) -> #N/A | G16: =VLOOKUP(A16,Abstract1!A$4:R$102,11,FALSE) -> #N/A
... A165: 161 | B165: =_xlfn.CONCAT(VLOOKUP(A165,Abstract1!A$4:R$102,4,FALSE),"",VLOOKUP(A165,Abstract1!A$4:R$102,5,FALSE)) -> #N/A | C165: =VLOOKUP(A165,Abstract1!A$4:R$102,17,FALSE) -> #N/A | D165: =VLOOKUP(A165,Abstract1!A$4:R$102,12,FALSE) -> #N/A | E165: =VLOOKUP(A165,Abstract1!A$4:R$102,18,FALSE) -> #N/A | F165: =VLOOKUP(A165,Abstract1!A$4:R$102,13,FALSE) -> #N/A | G165: =VLOOKUP(A165,Abstract1!A$4:R$102,11,FALSE) -> #N/A
A167: TOTAL
A172: CoE PRINCIPAL

Sheet Abstract2 (2)
A1: Office of the Controller of Examinations K.Ramakrishnan College of Engineering (AUTONOMOUS)
A2: END SEMESTER PRACTICAL LAB
A3: APRIL / MAY - 2026
A4: DATE : 05.06.2026
A5: S.NO | B5: EXAMINER NAME | C5: AMOUNT | D5: BANK NAME | E5: BRANCH | F5: IFSC CODE | G5: ACCOUNT NUMBER
A6: 1 | B6: Mrs.RANJANI U (06.06.2026) | C6: 840 | D6: PUNJAB NATIONAL BANK | E6: SIRUGANUR | F6: PUNB0665800 | G6: 6658000400036837
A7: 2 | B7: Mr.KASTHURI RENGAN P(06.06.2026) | C7: 440 | D7: AXIS BANK | E7: KOTTUR | F7: UTIB0001746 | G7: 913010015846824
A8: 3 | B8: Mrs.SURYA G(06.06.2026) | C8: 230 | D8: ICICI BANK | E8: JAWAHAR STREET NACHANDUPATTI | F8: ICIC0006093 | G8: 609301501667
A9: 4
A10: 5
A11: 6
A12: 7
A13: 8
A14: 9
A15: 10
A16: 11
A17: 12
A18: 13
A19: 14
A20: 15
... A41: 36
A43: TOTAL | C43: =SUM(C6:C40) -> 1510
A48: Dy.CoE CoE PRINCIPAL

Sheet Abstract2 (3)
A1: Office of the Controller of Examinations K.Ramakrishnan College of Engineering (AUTONOMOUS)
A2: END SEMESTER PRACTICAL LAB
A3: APRIL / MAY - 2026
A4: DATE : 11.05.2026 & 14.05.2026
A5: S.NO | B5: EXAMINER NAME | C5: AMOUNT | D5: BANK NAME | E5: BRANCH | F5: IFSC CODE | G5: ACCOUNT NUMBER
A6: 1 | B6: Mr.DHANAPAL M | C6: 1250 | D6: INDIAN BANK | E6: WORIYUR | F6: IDIB000W008 | G6: 846867299
A7: 2 | B7: Dr.ARULRAJ R | C7: 850 | D7: AXIS BANK | E7: TIRUCHIRAPALLY ,TRICHY | F7: UTIB0000137 | G7: 922010062480424
A8: 3 | B8: Dr.P. NARAYANASAMY | C8: 4997 | D8: TAMILNAD MERCANTILE BANK | E8: SIVAKASI | F8: TMBL0000003 | G8: 003100050329415
A9: 4 | B9: Mr.S. SIVANANTHAN | C9: 900 | D9: HDFC BANK | E9: TIRUCHIRAPPALLI | F9: HDFC0009148 | G9: 50100873068249
A10: 6 | B10: Dr.VIJAY ARASU I | C10: 775 | D10: HDFC BANK | E10: AREMPY TOWER | F10: HDFC0001277 | G10: 50100210066210
A11: 7 | B11: Dr.RAVISANKAR A | C11: 3728 | D11: STATE BANK OF INDIA | E11: SIPCOT PERUNDURAI | F11: SBIN0010484 | G11: 20143298334
A12: 8 | B12: Mr.IMAYAVAN B | C12: 1380 | D12: AXIS BANK | E12: MANACHANALLUR | F12: UTIB0001367 | G12: 914010034935108
A13: 9 | B13: Ms.POOJA BATT R | C13: 552 | D13: KARUR VYSYA BANK | E13: SAMAYAPURAM | F13: KVBL0001725 | G13: 1725177000002329
A14: 10 | B14: VAISHNAVI D | C14: 276 | D14: HDFC BANK | E14: THILLAI NAGAR | F14: HDFC0000058 | G14: 50100872991858
A16: TOTAL | C16: =SUM(C6:C14) -> 14708
A21: Dy.CoE CoE PRINCIPAL

Sheet GPT cache
CKW112575: {"hash":"d341b7bec0264920169015b9537355c3ba14f8938149ee9424dc59ca68b247e6","version":1,"value":"[[\"=LET(num,A1,ones,{\\\"\\\",\\\"One\\\",\\\"Two\\\",\\\"Three\\\",\\\"Four\\\",\\\"Five\\\",\\\"Six\\\",\\\"Seven\\\",\\\"Eight\\\",\\\"Nine\\\"},teens,{\\\"Ten\\\",\\\"Eleven\\\",\\\"Twelve\\\",\\\"Thirteen\\\",\\\"Fourteen\\\",\\\"Fifteen\\\",\\\"Sixteen\\\",\\\"Seventeen\\\",\\\"Eighteen\\\",\\\"Nineteen\\\"},tens,{\\\"\\\",\\\"\\\",\\\"Twenty\\\",\\\"Thirty\\\",\\\"Forty\\\",\\\"Fifty\\\",\\\"Sixty\\\",\\\"Seventy\\\",\\\"Eighty\\\",\\\"Ninety\\\"},thousands,{\\\"\\\",\\\"Thousand\\\",\\\"Million\\\",\\\"Billion\\\"},numToWords,LAMBDA(n,IF(n=0,\\\"Zero\\\",TEXTJOIN(\\\" \\\",TRUE,IF(INT(n/1000^3)>0,numToWords(INT(n/1000^3))&\\\" Billion\\\",\\\"\\\"),IF(MOD(INT(n/1000^2),1000)>0,numToWords(MOD(INT(n/1000^2),1000))&\\\" Million\\\",\\\"\\\"),IF(MOD(INT(n/1000),1000)>0,numToWords(MOD(INT(n/1000),1000))&\\\" Thousand\\\",\\\"\\\"),IF(MOD(n,1000)>0,IF(INT(MOD(n,1000)/100)>0,INDEX(ones,INT(MOD(n,1000)/100)+1)&\\\" Hundred\\\",\\\"\\\")&IF(MOD(n,100)>0,\\\" \\\"&IF(MOD(n,100)<10,INDEX(ones,MOD(n,10)+1),IF(MOD(n,100)<20,INDEX(teens,MOD(n,10)+1),INDEX(tens,INT(MOD(n,100)/10)+1)&IF(MOD(n,10)>0,\\\" \\\"&INDEX(ones,MOD(n,10)+1),\\\"\\\"))),\\\"\\\")),\\\"\\\"))),numToWords(num))\"]]"}
IVG261740: {"hash":"00e3fe6b394ada06688637708d1f00998ed328e1f14b8b1c04560832362f8c84","version":1,"value":"[[\"=TEXT(A1,\\\"[$-409]dddd\\\")\"]]"}
GMR461011: {"hash":"968708d26f1e93df74e382dcf0fe31fd96cebfb4ea744710bdc27662ad1fdc25","version":1,"value":"[[\"=TEXT(A1,\\\"[$-409]0\\\")\"]]"}
TAI497357: {"hash":"ace796cc9d3d74f246f49f5253f08c828be188b1b0fe40ac9a373b5071944583","version":1,"value":"[[\"=TEXT(A1,\\\"[$₹-hi-IN] * #,##0.00\\\") & \\\" \\\" & UPPER(TEXT(A1,\\\"[$₹-hi-IN] * #,##0.00\\\"))\"]]"}
AOQ895531: {"hash":"1f5daa2afb60043a9540974551d2b785681084ab73a3a4ee9512d59beb5df95b","version":1,"value":"[[\"The formula converts a number in cell A1 into its English words representation, handling numbers from 0 to billions.\"]]"}
PP1046883: {"hash":"008ff9623e66c1afa54dab04b4e8aaf951d421aa5e6c7cb165494f98c38c3bcd","version":1,"value":"[[\"=TEXT(A1,\\\"[$-409]dddd\\\")\"]]"}
